Site type,SiteID,Purpose,Operational_Assessment,Original_Fasttrack,Data_Steward,O&M,Funding,ConfigID,Area,Model_Branch,branch num,PATH,SiteName,SiteTypeName,Interrogation Site Subbasin Code,SubBasin Name,RKM,RKMTotal,AntennaGroup,SiteDescription,Latitude,Longitude,Data Steward Name,Steward Email,Steward Phone,Steward Organization,Steelhead_TRT_POPID,Steelhead_POP_NAME,Steelhead_ESU_DPS,Steelhead_MPG,Chinook_TRT_POPID,Chinook_POP_NAME,Chinook_ESU_DPS,Chinook_MPG
Dam,GRA,Root,Root,Root,Root,Root,Root,Root,Root,Root,Root,Root,Root,Root,Root,Root,Root,Root,Root,Root,Root,Root,Root,Root,Root,Root,Root,Root,Root,Root,Root,Root,Root,Root
INT,ACB,Adult/Juvenile,No,No,ELR,Unknown,Unknown,110,Asotin,Asotin,5,GRA ACMB0 ACMA0 ASOTIC ACB,Asotin Cr. at Cloverland Brdg.,Instream Remote Detection System,17060103,Lower Snake-Asotin,522.234.005,761,Single Array,"An instream interrogation site in the mainstem of Asotin Creek above the George Creek confluence, underneath the Cloverland Bridge. Site started operations in 2009 with a single row of 5 antennas spanning the width of the creek. The first two years of data were originally reported as Passive Recaptures. The site was officially registered as an interrogation site in PTAGIS December 2010. The site was damaged during high flows in the spring of 2017 and was reconfigured in September 2017 with 3 antennas in a single row. In December 2017, the original passive recapture records were removed and the detection records were submitted as interrogation data.",46.32558413,-117.1086788,Steve Bennett,bennett.ecological@gmail.com,(435) 757-5668,ELR,SNASO-s,Asotin Creek,Snake River Basin Steelhead DPS,Lower Snake,SNASO,Asotin Creek,Snake River Spring/Summer-run Chinook Salmon ESU,Lower Snake
INT,ACM,Adult/Juvenile,No,No,ELR,Unknown,Unknown,110,Asotin,Asotin,5,GRA ACMB0 ACMA0,Asotin Creek near mouth,Instream Remote Detection System,17060103,Lower Snake-Asotin,522.234.001,757,UPSTREAM ARRAY,"Four muxed antennas located near the mouth of Asotin Creek 50 m upstream of the Highway 129 bridge spanning the mainstem of Asotin Creek in two serial sets of two antennas. Campbell Scientific data logger and phone modem were installed on September 30, 2011 to upload data to ISEMP server run by Quantitative Consultants in Boise, ID.",46.341368,-117.055707,Steve Bennett,bennett.ecological@gmail.com,(435) 757-5668,ELR,SNASO-s,Asotin Creek,Snake River Basin Steelhead DPS,Lower Snake,SNASO,Asotin Creek,Snake River Spring/Summer-run Chinook Salmon ESU,Lower Snake
INT,AFC,Adult/Juvenile,No,No,ELR,Unknown,Unknown,100,SNAKE,Asotin,5,GRA ACMB0 ACMA0 ASOTIC ACB AFCB0 AFCA0,No./So. Fk Asotin Cr. Jct. ISA,Instream Remote Detection System,17060103,Lower Snake-Asotin,522.234.025,781,NORTH FORK ASOTIN CREEK ARRAY,"Six muxed antennas located at the confluence of the mainstem of Asotin Creek, North Fork Asotin Creek, and South Fork Asotin Creek. Three antennas span the mainstem, two antennas span the North Fork, and one antenna spans the South Fork. The first two years of data were originally reported as Passive Recaptures. The site was officially registered as an interrogation site in PTAGIS December 2010. In December 2017, the original passive recapture records were removed and the detection records were submitted as interrogation data.",46.27248743,-117.2921472,Steve Bennett,bennett.ecological@gmail.com,(435) 757-5668,ELR,SNASO-s,Asotin Creek,Snake River Basin Steelhead DPS,Lower Snake,SNASO,Asotin Creek,Snake River Spring/Summer-run Chinook Salmon ESU,Lower Snake
INT,CCA,Adult/Juvenile,No,No,ELR,Unknown,Unknown,130,Asotin,Asotin,5,GRA ACMB0 ACMA0 ASOTIC ACB CCAB0 CCAA0,Lower Charley Creek ISA,Instream Remote Detection System,17060103,Lower Snake-Asotin,522.234.022.001,779,Upstream Antenna,"From August 2009 to April 2010, site consisted of a single antenna powered by a FS1001-ISO. In August 2010, a second antenna powered by a second cheeseblock was installed. The data collected from August 2009 - August 2011 was originally reported as Passive Recaptures. In August 2011, the site was upgraded to use a FS2001M and it was officially registered as an interrogation site in PTAGIS. In September 2017, a third antenna was added to the site. In December 2017, the original passive recapture records were removed and the detection records from that time period were submitted as interrogation data.",46.288458,-117.282497,Steve Bennett,bennett.ecological@gmail.com,(435) 757-5668,ELR,SNASO-s,Asotin Creek,Snake River Basin Steelhead DPS,Lower Snake,SNASO,Asotin Creek,Snake River Spring/Summer-run Chinook Salmon ESU,Lower Snake
INT,CRT,Adult Ladder,No,No,IDFG,IDFG,Unknown,110,SF Clearwater,SF Clearwater,13,GRA SC1 SC2B0 SC2A0,Crooked River Satellite Fac.,Hatchery Returns,17060305,South Fork Clearwater,522.224.120.094.001,961,ADULT RETURN LADDER,"This array is located in the ladder of the Crooked River Satellite Facility.  The Crooked River is a tributary to the South Fork Clearwater River.  The array consists of two overflow antennas.  The openings for the antennas are 30x48 and each antenna has a baffle to replicate the existing dam board baffle.  All fish migrating up the Crooked River that try to migrate upstream of the satellite facility are forced into the ladder via a removable weir.  Fish have the freedom to move into and out of the ladder at will and are not trapped until they jump a finger weir that is above all array antennas.  Adult Chinook salmon that swim past the array and enter the ladder are sorted by origin.  Natural origin fish are returned to the Crooked River above the weir while hatchery origin fish are typically ponded and latter spawned, recycled through the fishery, or released elsewhere in the basin.",45.82093128,-115.5277822,Chris Sullivan,chris.sullivan@idfg.idaho.gov,208-465-8404 x241,IDFG,CRSFC-s,South Fork Clearwater River,Snake River Basin Steelhead DPS,Clearwater River,SCUMA,Upper South Fork Clearwater,Snake River Spring/Summer-run Chinook Salmon ESU,Dry Clearwater
INT,HLM,Adult/Juvenile,No,No,IDFG,IDFG,Unknown,110,Potlatch,Potlach River,8,GRA JUL HLMB0 HLMA0,Potlatch River near Helmer,Instream Remote Detection System,17060306,Clearwater,522.224.024.066,836,Upstream Array,"This in-stream site is located near the town of Helmer, on the mainstem Potlatch River at km 66, just below the confluence of the West Fork and East Fork Potlatch rivers.",46.79900553,-116.4284118,Brett Bowersox,brett.bowersox@idfg.idaho.gov,(208) 799-5010,IDFG,CRLMA-s,Clearwater River lower mainstem,Snake River Basin Steelhead DPS,Clearwater River,CRPOT,Polatch River,Snake River Spring/Summer-run Chinook Salmon ESU,Dry Clearwater
INT,JUL,Adult/Juvenile,No,No,IDFG,IDFG,Unknown,120,Potlatch,Potlach River,8,GRA JUL,Potlatch River near Juliaetta,Instream Remote Detection System,17060306,Clearwater,522.224.024.014,784,Floating Array,"The site is an Instream Floating Remote Detection System on the Potlatch River near Juliaetta. The site became operational 2-22-2013. The site is at rkm 14 on the Potlatch River, lat/long N 46 33 55.71, W 116 42 32.99 (Decimal Degrees 46.565475, -116.709164). It is roughly 50 meters downstream of where the flat panel array is. The site is made up of 1-8 antennas coded as ID: 01, 02, 03, 04, 05, 06, 07, 08. The antennas stretch across a suspended cable with antenna 01 starting on river right and ending at antenna 08 on river left.",46.56532348,-116.7093184,Brett Bowersox,brett.bowersox@idfg.idaho.gov,(208) 799-5010,IDFG,CRLMA-s,Clearwater River lower mainstem,Snake River Basin Steelhead DPS,Clearwater River,CRPOT,Polatch River,Snake River Spring/Summer-run Chinook Salmon ESU,Dry Clearwater
INT,KHS,Adult/Juvenile,No,No,IDFG,IDFG,Unknown,140,Potlatch,Potlach River,8,GRA JUL KHSB0 KHSA0,Big Bear Cr. @ Kendrick HS,Instream Remote Detection System,17060306,Clearwater,522.224.024.023.000,793,Upstream Array,"This floating array interrogation system is located near the mouth of Big Bear Creek adjacent to the high school in the town of Kendrick, Idaho.  The array is set up with an upper span of Bio Float antennas (01, 02, 03, 04) and a lower span of Bio Float antennas (05, 06, 07, 08).  KHS was originally installed in 2007 with 6 pass over PVC antennas. The floating array configuration came online January 2015.",46.619115,-116.646846,Brett Bowersox,brett.bowersox@idfg.idaho.gov,(208) 799-5010,IDFG,CRLMA-s,Clearwater River lower mainstem,Snake River Basin Steelhead DPS,Clearwater River,CRPOT,Polatch River,Snake River Spring/Summer-run Chinook Salmon ESU,Dry Clearwater
INT,LRL,Adult/Juvenile,No,No,IDFG,IDFG,Unknown,100,Clearwater,Lochsa River,15,GRA LRL,Lower Lochsa River Array Site,Instream Remote Detection System,17060303,Lochsa,522.224.120.037.001,904,Instream Array,Site is located in lower 1km of the mainstem Lochsa River.  Site is comprised of thirteen 20ft. antennas with the electronic enclosure located on river left.  The site consists of a single array of antennas and is channel spanning.  The site contains two IS1001-MC units.  The left unit controls antennas 3-11 and the right unit controls antennas 1-2.,46.145727,-115.596497,Jason Fortier,Jason.fortier@idfg.idaho.gov,(208) 799-5010,IDFG,CRLOC-s,Lochsa River,Snake River Basin Steelhead DPS,Clearwater River,CRLOC,Lochsa River,Snake River Spring/Summer-run Chinook Salmon ESU,Wet Clearwater
INT,PCM,Adult/Juvenile,No,No,IDFG,IDFG,Unknown,100,Clearwater,Potlach River,8,GRA JUL PCMB0 PCMA0,"Pine Creek Mouth, Potlatch R.",Instream Remote Detection System,17060306,Clearwater,522.224.024.028.001,799,Upstream Array,The Pine Creek Array is located on Pine Creek immediately above the confluence with the Potlatch River near river kilometer 28.  PCM was fully operational on 10-1-2015.  The site consists of two sets of two antennas.  A cellular modem has been set up for remote data retrieval.,46.630673,-116.596836,Brian Knoth,Brian.Knoth@idfg.idaho.gov,(208) 750-4230,IDFG,CRLMA-s,Clearwater River lower mainstem,Snake River Basin Steelhead DPS,Clearwater River,CRPOT,Polatch River,Snake River Spring/Summer-run Chinook Salmon ESU,Dry Clearwater
INT,RRT,Adult Ladder,No,No,IDFG,IDFG,Unknown,110,SF Clearwater,SF Clearwater,13,GRA SC1 SC2B0 SC2A0,Red River Satellite Facility,Hatchery Returns,17060305,South Fork Clearwater,522.224.120.101.027,994,ADULT RETURN LADDER,"This array is located in the ladder of the Red River Satellite Facility.  The Red River is a tributary to the South Fork Clearwater River.  The array consists of two overflow antennas.  The openings for the antennas are 30 x 36 and each antenna has a baffle to replicate the existing dam board baffle.  All fish migrating up the Red River that try to migrate upstream of the satellite facility are forced into the ladder via a removable weir.  Fish have the freedom to move into and out of the ladder at will and are not trapped until they jump a finger weir that is above all array antennas.  Adult Chinook salmon that swim past the array and enter the ladder are sorted by origin.  Natural origin fish are returned to the Red River, above the weir, while hatchery origin fish are typically ponded and latter spawned, recycled through the fishery, or released elsewhere in the basin.",45.71117908,-115.3471471,Chris Sullivan,chris.sullivan@idfg.idaho.gov,208-465-8404 x241,IDFG,CRSFC-s,South Fork Clearwater River,Snake River Basin Steelhead DPS,Clearwater River,SCUMA,Upper South Fork Clearwater,Snake River Spring/Summer-run Chinook Salmon ESU,Dry Clearwater
INT,STL,Adult Ladder,No,No,IDFG,IDFG,Unknown,100,Upper Salmon,Sawtooth Weir,26,GRA USE USI STL,Sawtooth Hatchery Adult Trap,Hatchery Returns,17060201,Upper Salmon,522.303.617.000,1442,KEYWAY 3 - ORIFICE,"This array is located in the ladder of the Sawtooth Hatchery adult fish trap.  The array consists of four antennas, a top-water (30x50) and submerged (18x18) antenna on both a down-ladder dam-board and an up-ladder dam-board.  All fish migrating up the Salmon River that try to migrate upstream of the satellite facility are forced into the ladder via a removable weir.  This weir is a permanent structure with removable panels that is very effective at blocking the upriver movement of fish.  Fish have the freedom to move into and out of the ladder at will and are not trapped until they jump a finger weir that is above all array antennas.  Adult Chinook salmon that swim past the array and enter the ladder are sorted by origin.  Natural origin fish are returned to the Salmon River above the weir while hatchery origin fish are typically ponded and later spawned, recycled through the fishery, or released elsewhere in the basin.",44.15336877,-114.8837724,Chris Sullivan,chris.sullivan@idfg.idaho.gov,208-465-8404 x241,IDFG,SRUMA-s,,,,,,,
INT,STR,Adult Ladder,No,No,IDFG,IDFG,Unknown,100,SFSR,SF Salmon,21,GRA SFG KRS STR,SF Salmon Satellite Facility,Hatchery Returns,17060208,South Fork Salmon,522.303.215.115,1155,DAMBOARD 1 - ORIFICE,"This array is located in the ladder of the South Fork Salmon River adult fish trap.  The array consists of four antennas, a top-water (30 x 60) and submerged (12 x 15) antenna on both a down-ladder dam-board and an up-ladder dam-board.  All fish migrating up the South Fork that try to migrate upstream of the satellite facility are forced into the ladder via a removable weir.  This weir is a permanent structure with removable panels that is very effective at blocking the upriver movement of fish.  Fish have the freedom to move into and out of the ladder at will and are not trapped until they jump a finger weir that is above all array antennas.  Adult Chinook salmon that swim past the array and enter the ladder are sorted by origin.  Natural origin fish are returned to the South Fork above the weir while hatchery origin fish are typically ponded and latter spawned, recycled through the fishery, or released elsewhere in the basin.",44.66687408,-115.7029529,Chris Sullivan,chris.sullivan@idfg.idaho.gov,208-465-8404 x241,IDFG,SFMAI-s,South Fork Salmon River,Snake River Basin Steelhead DPS,Salmon River,SFSMA,South Fork Salmon River mainstem,Snake River Spring/Summer-run Chinook Salmon ESU,South Fork Salmon River
INT,CMP,Adult Est.,Yes,No,NPT,NPT,BPA,100,Imnaha,Imnaha,11,GRA IR1 IR2 CMPB0 CMPA0,Camp Creek at rkm 2 - Imnaha,Instream Remote Detection System,17060102,Imnaha,522.308.032.002.002,866,Upstream Array,"In-stream detection system consisting of a tandem array located in Camp Creek.  The array (CMP) is located at river km 522.308.032.002.002 (N 45.552014° W -116.866883°) and consists of four 10 foot Biomark PVC Lite tandem antennas.  The array spans the entire river at base flow.  CMP is operated by Lower Snake River Compensation Plan (LSRCP) personnel employed by the Nez Perce Tribe Fisheries and was installed for continuous monitoring on February 21, 2013.  Electrical power is provided by a battery switcher and is charged by direct AC.  Data collection started on February 21, 2013.",45.55181905,-116.8669387,Lora Tennant,lorat@nezperce.org,(541) 432-2514,NPT,IRMAI-s,Imnaha River,Snake River Basin Steelhead DPS,Imnaha River,IRMAI,Imnaha River mainstem,Snake River Spring/Summer-run Chinook Salmon ESU,Grande Ronde / Imnaha
INT,CZY,Adult Est.,Yes,No,NPT,NPT,BPA,100,Imnaha,Imnaha,11,GRA IR1 IR2 IR3B0 IR3A0 CZYB0 CZYA0,Crazyman Creek at 0.6 km,Instream Remote Detection System,17060102,Imnaha,522.308.080.001,911,Upstream Array,Instream detection system consisting of a tandum array located in the Imnaha River basin on Crazyman Creek. The array (CZY) is located at rkm 522.308.80.001 (N 45.22930 W -116.84478) and comprises of two arrays. Each array consists of two 10 foot Biomark light round black HPD antennas that spans the entire creek at base flow. Electrical power is from a thermal electric generator powered by eight 100 pound propane tanks. Remote communication is provided by a satellite phone modem. The site was installed on 11/8/2013.,45.2293,-116.84478,Neal Espinosa,neale@nezperce.org,(541) 432-2502,NPT,IRMAI-s,Imnaha River,Snake River Basin Steelhead DPS,Imnaha River,IRMAI,Imnaha River mainstem,Snake River Spring/Summer-run Chinook Salmon ESU,Grande Ronde / Imnaha
INT,SW1,Adult Est.,Yes,No,NPT,NPT,BPA,100,Clearwater,Selway River,16,GRA SW1,Lower Selway River Array,Instream Remote Detection System,17060302,Lower Selway,522.224.120.037.005,908,River Left-side Array,"The lower Selway PIT tag array is located 5 rkm upstream of the mouth of the Selway River in the upper Clearwater Basin Idaho.  The array spans the entire river, high water mark to high water mark.  The site consists of a pair of Biomark IS1001-Master Controllers, 19-IS1001 readers, eighteen 20 ft antennas and one 10 ft antenna. The antennas are arranged in single 370 ft array. IS1001-MC A0 controls antennas 01-0A (from left-bank) and IS1001-MC BO controls antennas 01-09 (from middle of channel to right bank). Site has AC power with Biomark PLC battery switcher, satellite communication and Campbell Scientific CS451 and 109 environmental probes.",46.110318,-115.565886,Jason Vogel,jasonv@nezperce.org,(208) 843-7145,NPT,CRSEL-s,Selway River,Snake River Basin Steelhead DPS,Clearwater River,SEUMA,Upper Selway River,Snake River Spring/Summer-run Chinook Salmon ESU,Wet Clearwater
INT,CCW,Adult Ladder,No,No,ODFW,ODFW,Unknown,100,Grande Ronde,Upper Grande Ronde,19,GRA UGR CCWB0 CCWA0,Catherine Creek Ladder/Weir,Adult Fishway,17060104,Upper Grande Ronde,522.271.232.032,1057,Top Ladder Antenna,Instream detection array located in the adult return fish ladder at the Catherine Creek weir. Site includes a FA1001M multiplexing receiver and cell modem and two antennas located inside the adult return ladder. Antennas are secured to weir dam boards for pass-through detection. Site is electric grid power. Site is on private land.,45.19096404,-117.8286166,Joseph Feldhaus,joseph.feldhaus@state.or.us,(541) 962-3724,ODFW,,,,,,,,
INT,IML,Adult Ladder,No,No,ODFW,ODFW,LSRCP,120,Imnaha,Imnaha,11,GRA IR1 IR2 IR3B0 IR3A0 IR4B0 IR4A0 IMLB0 IMLA0,Imnaha River Weir Adult Ladder,Adult Fishway,17060102,Imnaha,522.308.084,914,Upper Ladder Antenna,"The site is located at the Oregon Dept. of Fish and Wildlife (ODFW) fish weir on the Imnaha River. There are two antennas located within the fish ladder. The antennas are currently driven by Biomark IS1001s and controlled by a Biomark IS1001-MC. The equipment is powered by a Hybrid- TEG (model 5220 and 1kw solar). The readers are connected to the controller via Biomark Data-Over-Power (DOP) cabling. The MC is connected to a satellite modem for remote telemetry. The site is being remotely monitored by Biomark with automatic downloads (and PTAGIS submissions) every four hours. The power supply and remote telemetry are being shared by the three interrogation sites at the weir, IR4, IR5, and IML.",45.19427639,-116.8686635,Joseph Feldhaus,joseph.feldhaus@state.or.us,(541) 962-3724,ODFW,IRMAI-s,Imnaha River,Snake River Basin Steelhead DPS,Imnaha River,IRMAI,Imnaha River mainstem,Snake River Spring/Summer-run Chinook Salmon ESU,Grande Ronde / Imnaha
INT,IR4,Weir Eval,No,No,ODFW,ODFW,LSRCP,100,Imnaha,Imnaha,11,GRA IR1 IR2 IR3B0 IR3A0 IR4B0 IR4A0,Imnaha Weir Downstream Array,Instream Remote Detection System,17060102,Imnaha,522.308.084,914,Upstream Array,"The site is located downstream of the Oregon Dept. of Fish and Wildlife (ODFW) fish weir on the Imnaha River. There are six antennas approximately 75-feet downstream of the weir. The antennas are driven by Biomark IS1001s and controlled by a Biomark IS1001-MC. The instream antennas are anchored to the streambed with a through-strut system. The equipment is powered by a Hybrid- TEG (model 5220 and 1kw solar). The readers are connected to the controller via Biomark Data-Over-Power (DOP) cabling. The MC is connected to a satellite modem for remote telemetry. The site is being remotely monitored by Biomark with automatic downloads (and PTAGIS submissions) every four hours. The power supply and remote telemetry are being shared by the three interrogation sites at the weir, IR4, IR5, and IML.",45.19446,-116.868774,Joseph Feldhaus,joseph.feldhaus@state.or.us,(541) 962-3724,ODFW,IRMAI-s,Imnaha River,Snake River Basin Steelhead DPS,Imnaha River,IRMAI,Imnaha River mainstem,Snake River Spring/Summer-run Chinook Salmon ESU,Grande Ronde / Imnaha
INT,IR5,Weir Eval,No,No,ODFW,ODFW,LSRCP,100,Imnaha,Imnaha,11,GRA IR1 IR2 IR3B0 IR3A0 IR4B0 IR4A0 IMLB0 IMLA0 IMNAHW IR5B0 IR5A0,Imnaha Weir Upstream Array,Instream Remote Detection System,17060102,Imnaha,522.308.084,914,Upstream Array,"The site is located upstream of the Oregon Dept. of Fish and Wildlife (ODFW) fish weir on the Imnaha River. There are eight antennas approximately 300-feet upstream of the weir. The antennas are driven by Biomark IS1001s and controlled by a Biomark IS1001-MC. The instream antennas are anchored to the streambed with a through-strut system. The equipment is powered by a Hybrid- TEG (model 5220 and 1kw solar). The readers are connected to the controller via Biomark Data-Over-Power (DOP) cabling. The MC is connected to a satellite modem for remote telemetry. The site is being remotely monitored by Biomark with automatic downloads (and PTAGIS submissions) every four hours. The power supply and remote telemetry are being shared by the three interrogation sites at the weir, IR5, IR5, and IML.",45.193188,-116.868593,Joseph Feldhaus,joseph.feldhaus@state.or.us,(541) 962-3724,ODFW,IRMAI-s,Imnaha River,Snake River Basin Steelhead DPS,Imnaha River,IRMAI,Imnaha River mainstem,Snake River Spring/Summer-run Chinook Salmon ESU,Grande Ronde / Imnaha
INT,18M,Adult/Juvenile,Yes,No,QCI,QCI/NPT,Unknown,110,Lemhi,Lemhi River,25,GRA LLRB0 LLRA0 LRWB0 LRWA0 HECB0 HECA0,Eighteenmile Creek,Instream Remote Detection System,17060204,Lemhi,522.303.416.092.001,1334,Upstream Antenna,"An in-stream detection system on Eighteenmile Creek located approximately 300 meters upstream from the confluence with Texas Creek to form the Lemhi River.  This detection system is comprised of two arrays installed serially with one 10 ft. ABS antenna at each array location.  18M is operated by the Integrated Status and Effectiveness Monitoring Project (ISEMP) cooperators Idaho Fish and Game and Quantitative Consultants, Inc. and was installed in the summer of 2014.  The site is powered by batteries banks that are charged by solar panels next to the control box and communication is provided by a cellular telephone modem.  Environmental conditions are monitored by air temperature, water temperature, and water depth sensors.",44.682795,-113.35366,Kevin Peterson,kpeterson@qcinc.org,(208) 275-0011,QCI,SRLEM-s,Lemhi River,Snake River Basin Steelhead DPS,Salmon River,SRLEM,Lemhi River,Snake River Spring/Summer-run Chinook Salmon ESU,Upper Salmon River
INT,AGC,Adult/Juvenile,Yes,No,QCI,QCI/NPT,Unknown,100,lemhi,Lemhi River,25,GRA LLRB0 LLRA0 AGCB0 AGCA0,"Agency Creek, Lemhi R. Basin",Instream Remote Detection System,17060204,Lemhi,522.303.416.039.001,1281,Upstream Array,"In-stream detection system consisting of a triple array located in Agency Creek. The array (AGC) is located 1.1 km upstream of the confluence with the Lemhi River and is comprised of 3 arrays, deployed serially at about 10 m apart, of one 10 ft PVC pipe pass-by antenna each. The Agency Creek array site is located 30 meters upstream of the culvert on Old Idaho 28 road. AGC is operated by the Integrated Status and Effectiveness Project (ISEMP) cooperators Idaho Fish and Game and Quantitative Consultants, Inc. and was installed for continuous monitoring in October 2013. Site electricity comes from the adjacent electrical service lines and remote communication is provided by a cellular telephone modem.  Environmental conditions are monitored by air temperature, water temperature, and water depth sensors.. Site was decommissioned June 2017, last data recieved November 2016.",44.9567394,-113.6395426,Kevin Peterson,kpeterson@qcinc.org,(208) 275-0011,QCI,SRLEM-s,Lemhi River,Snake River Basin Steelhead DPS,Salmon River,SRLEM,Lemhi River,Snake River Spring/Summer-run Chinook Salmon ESU,Upper Salmon River
INT,BHC,Adult/Juvenile,Yes,Yes,QCI,QCI/NPT,BPA,110,lemhi,Lemhi River,25,GRA LLRB0 LLRA0 BHCB0 BHCA0,Bohannon Creek Lemhi R Basin,Instream Remote Detection System,17060204,Lemhi,522.303.416.017.001,1259,Upstream Array,"In-stream detection system consisting of a triple array located in Bohannon Creek. The array (BHC) is located 40 m upstream of the confluence with the Lemhi River and is comprised of 3 arrays , deployed serially at about 10 m apart, of one 5 ft PVC pipe pass-by antenna each. The Bohannon Creek array site is located 0.3 km off of the Old Lemhi Road. BHC is operated by the Integrated Status and Effectiveness Project (ISEMP) cooperators Idaho Fish and Game and Quantitative Consultants, Inc. This site was moved from its previous location (approximately 0.5km upstream) and installed for continuous monitoring in October 2013. Additionally, Site equipment was changed from Destron MUX FS1001 to the Quantitative Sampling Technology QuBE System.  Site electricity comes from the adjacent electrical service lines and remote communication is provided by a cellular telephone modem. Environmental conditions are monitored by air temperature, water temperature, and water depth sensors.",45.112189,-113.746897,Kevin Peterson,kpeterson@qcinc.org,(208) 275-0011,QCI,SRLEM-s,Lemhi River,Snake River Basin Steelhead DPS,Salmon River,SRLEM,Lemhi River,Snake River Spring/Summer-run Chinook Salmon ESU,Upper Salmon River
INT,BSC,Adult Est.,Yes,Yes,QCI,QCI/NPT,BPA,100,Imnaha,Imnaha,11,GRA IR1 IR2 BSCB0 BSCA0,Big Sheep Creek ISA at km 6,Instream Remote Detection System,17060102,Imnaha,522.308.032.006,868,UPSTREAM LEFT,"In-stream detection system consisting of a tandem array located in Big Sheep Creek. The array (BSC) located at river km 6 (N 45.50649, W -116.85067) consists of two arrays , deployed serially 10 m apart, of two 20 ft Biomark flat panel antennas each. BSC is operated by the Integrated Status and Effectiveness Project (ISEMP) cooperators Nez Perce Tribe and Quantitative Consultants, Inc. and was installed for continuous monitoring on October 20, 2010. The array includes ISEMP standard site monitoring equipment including air and water temperature probes, and a water pressure transducer to monitor stream level. Electrical power is provided by a thermal electric generator and remote communication provided by a satellite modem.",45.50648209,-116.8507347,Kevin Peterson,kpeterson@qcinc.org,(208) 275-0011,QCI,IRMAI-s,Imnaha River,Snake River Basin Steelhead DPS,Imnaha River,IRBSH,Big Sheep Creek,Snake River Spring/Summer-run Chinook Salmon ESU,Grande Ronde / Imnaha
INT,BTC,Adult/Juvenile,Yes,Yes,QCI,QCI/NPT,BPA,100,lemhi,Lemhi River,25,GRA LLRB0 LLRA0 LRWB0 LRWA0 BTLB0 BTLA0,Big Timber Creek,Instream Remote Detection System,17060204,Lemhi,522.303.416.089.001,1331,UPSTREAM 10-FT PASSBY ANTENNA,This is an instream interrogation system consisting of two 10-foot pass-by antennas arrayed in tandem at km 1.3 on Big Timber Creek. Site was decommissioned October 2013. New site with code BTL was installed 1km downstream and replaces this site.,44.68811,-113.37041,Kevin Peterson,kpeterson@qcinc.org,(208) 275-0011,QCI,SRLEM-s,Lemhi River,Snake River Basin Steelhead DPS,Salmon River,SRLEM,Lemhi River,Snake River Spring/Summer-run Chinook Salmon ESU,Upper Salmon River
INT,BTL,Adult/Juvenile,Yes,No,QCI,QCI/NPT,Unknown,110,lemhi,Lemhi River,25,GRA LLRB0 LLRA0 LRWB0 LRWA0 BTLB0 BTLA0,"Lower Big Timber, Lemhi Basin",Instream Remote Detection System,17060204,Lemhi,522.303.416.089.001,1331,Upstream Antenna,"In-stream detection system currently consisting of two antennas located in Big Timber Creek approximately 300 meters upstream of the confluence with the Lemhi River.  The Big Timber array site is located 1.32 k below the culvert on Highway 28. BTL is operated by the Integrated Status and Effectiveness Project (ISEMP) cooperators Idaho Fish and Game and Quantitative Consultants, Inc. and was installed for continuous monitoring in October 2013. This site is powered by a 24 volt solar powered system and remote communication is provided by a cellular telephone modem.  Environmental conditions are monitored by air temperature, water temperature, and water depth sensors. The initial site configuration consisting of three arrays of two antennas each was replaced in October 2016 with a 20 ft and a 10ft antenna deployed about 30 meters apart.",44.69756833,-113.374118,Kevin Peterson,kpeterson@qcinc.org,(208) 275-0011,QCI,SRLEM-s,Lemhi River,Snake River Basin Steelhead DPS,Salmon River,SRLEM,Lemhi River,Snake River Spring/Summer-run Chinook Salmon ESU,Upper Salmon River
INT,BTM,Adult/Juvenile,Yes,No,QCI,QCI/NPT,Unknown,100,lemhi,Lemhi River,25,GRA LLRB0 LLRA0 LRWB0 LRWA0 BTLB0 BTLA0 BTMB0 BTMA0,Big Timber Creek - Middle,Instream Remote Detection System,17060204,Lemhi,522.303.416.089.005,1335,Upstream Array,"This in-stream detection system on Big Timber Creek is located approximately 5.3 km upstream of the confluence with the Lemhi River and is comprised of three arrays.  The upstream array consists of one 10 ft antenna, the middle array consists of two 10 ft antennas, and the downstream array consists of a single 10 ft antenna. BTM is operated by the Integrated Status and Effectiveness Monitoring Project (ISEMP) cooperators Idaho Fish and Game and Quantitative Consultants, Inc. This site was installed in May 2015 and is powered by a battery bank, which is charged by solar panels.  Remote communication is provided by a cellular telephone modem.",44.660444,-113.377624,Kevin Peterson,kpeterson@qcinc.org,(208) 275-0011,QCI,SRLEM-s,Lemhi River,Snake River Basin Steelhead DPS,Salmon River,SRLEM,Lemhi River,Snake River Spring/Summer-run Chinook Salmon ESU,Upper Salmon River
INT,BTU,Adult/Juvenile,Yes,No,QCI,QCI/NPT,Unknown,110,lemhi,Lemhi River,25,GRA LLRB0 LLRA0 LRWB0 LRWA0 BTLB0 BTLA0 BTMB0 BTMA0 BTUB0 BTUA0,Big Timber Creek - Upper,Instream Remote Detection System,17060204,Lemhi,522.303.416.089.011,1341,Upstream Array,"This in-stream detection system on Big Timber Creek is located approximately 10.8 km upstream of the confluence with the Lemhi River and is comprised of two arrays.  Each array consists of two 10 ft antennas to span the width of the channel. BTM is operated by the Integrated Status and Effectiveness Monitoring Project (ISEMP) cooperators Idaho Fish and Game and Quantitative Consultants, Inc. This site is powered by a propane thermoelectric generator.  Remote communication is provided by a cellular telephone modem.",44.61386,-113.397036,Kevin Peterson,kpeterson@qcinc.org,(208) 275-0011,QCI,SRLEM-s,Lemhi River,Snake River Basin Steelhead DPS,Salmon River,SRLEM,Lemhi River,Snake River Spring/Summer-run Chinook Salmon ESU,Upper Salmon River
INT,CAC,Adult/Juvenile,Yes,Yes,QCI,QCI/NPT,BPA,100,lemhi,Lemhi River,25,GRA LLRB0 LLRA0 LRWB0 LRWA0 CACB0 CACA0,Canyon Creek ISA @ km 1,Instream Remote Detection System,17060204,Lemhi,522.303.416.090.001,1332,UPSTREAM ANTENNA,"In-stream detection system consisting of a tandem array located in Canyon Creek. The array (CAC) located 1.0 km upstream of the confluence with the Lemhi River (N 44.6691970, W -113.354677) consists of two arrays , deployed serially 5 m apart, of one 5 ft PVC pipe pass-by antenna each. The Canyon Creek array site is located 45 meters downstream of the culvert on Old Idaho 28 road. CAC is operated by the Integrated Status and Effectiveness Project (ISEMP) cooperators Idaho Fish and Game and Quantitative Consultants, Inc. and was installed for continuous monitoring on November 12, 2010. Site electricity power comes from the adjacent electrical service lines and remote communication is provided by a cellular telephone modem.",44.69200586,-113.3547113,Kevin Peterson,kpeterson@qcinc.org,(208) 275-0011,QCI,SRLEM-s,Lemhi River,Snake River Basin Steelhead DPS,Salmon River,SRLEM,Lemhi River,Snake River Spring/Summer-run Chinook Salmon ESU,Upper Salmon River
INT,COC,Adult Est.,Yes,Yes,QCI,QCI/NPT,BPA,100,Imnaha,Cow Creek,10,GRA COCB0 COCA0,Cow Creek ISA @ stream mouth,Instream Remote Detection System,17060102,Imnaha,522.308.006.001,837,UPSTREAM ANTENNA,"In-stream detection system consisting of a tandem array located in Cow Creek.  The array (COC) located at 0.5 km upstream of the confluence with the Imnaha River (N 45.76774, W 116.744037) consists of two arrays , deployed serially 10 m apart, of one 20 ft Biomark flat panel antenna each.  COC is operated by the Integrated Status and Effectiveness Project (ISEMP) cooperators Nez Perce Tribe and Quantitative Consultants, Inc. and was installed for continuous monitoring on January 12, 2011.",45.76774,-116.744037,Kevin Peterson,kpeterson@qcinc.org,(208) 275-0011,QCI,IRMAI-s,Imnaha River,Snake River Basin Steelhead DPS,Imnaha River,IRMAI,Imnaha River mainstem,Snake River Spring/Summer-run Chinook Salmon ESU,Grande Ronde / Imnaha
INT,CRC,Adult Est.,Yes,No,QCI,QCI/NPT,Unknown,100,Salmon,Carmen Creek,24,GRA CRCB0 CRCA0,"Carmen Creek, Salmon R. Basin",Instream Remote Detection System,17060203,Middle Salmon-Panther,522.303.408.001,1234,Upstream Array,"In-stream detection system consisting of a triple array located in Carmen Creek. The array (CRC) is located 0.68 km upstream of the confluence with the Salmon River and consists of 3 arrays, deployed serially at about 10 m apart. The upper and lower arrays are composed of three 5 ft PVC pipe pass-by antennas each while the middle array is comprised of two 10 foot and one 5 foot PVC pipe pass-by antennas. The Carmen Creek array site is located 0.16 km upstream of the culvert on Highway 93. CRC is operated by the Integrated Status and Effectiveness Project (ISEMP) cooperators Idaho Fish and Game and Quantitative Consultants, Inc. and was installed for continuous monitoring in October 2013. Site electricity comes from the adjacent electrical service lines and remote communication is provided by a cellular telephone modem.  Environmental conditions are monitored by air temperature, water temperature, and water depth sensors.",45.24648476,-113.8934662,Kevin Peterson,kpeterson@qcinc.org,(208) 275-0011,QCI,SRLEM-s,Lemhi River,Snake River Basin Steelhead DPS,Salmon River,,,,
INT,ESSA0,Adult/Juvenile,Yes,Yes,QCI,QCI/NPT,BPA,100,SFSR,SF Salmon,21,GRA SFG ESSB0 ESSA0,EFSF Salmon River at Parks Cr.,Instream Remote Detection System,17060208,South Fork Salmon,522.303.215.060.021,1121,UPPER IN-STREAM ARRAY,"This is an in-stream interrogation system consisting of two separate antenna arrays, 790 meters apart, on the East Fk South Fk Salmon River (rkm 21) near Parks Creek. The upstream and downstream arrays consist of four flat plate antennas each, spanning 24 meters across the low-water channel.",44.956205,-115.53315,Kevin Peterson,kpeterson@qcinc.org,(208) 275-0011,QCI,SFMAI-s,South Fork Salmon River,Snake River Basin Steelhead DPS,Salmon River,SFEFS,East Fork South Fork Salmon River,Snake River Spring/Summer-run Chinook Salmon ESU,South Fork Salmon River
INT,ESSB0,Adult/Juvenile,Yes,Yes,QCI,QCI/NPT,BPA,100,SFSR,SF Salmon,21,GRA SFG ESSB0 ESSA0,EFSF Salmon River at Parks Cr.,Instream Remote Detection System,17060208,South Fork Salmon,522.303.215.060.021,1121,UPPER IN-STREAM ARRAY,"This is an in-stream interrogation system consisting of two separate antenna arrays, 790 meters apart, on the East Fk South Fk Salmon River (rkm 21) near Parks Creek. The upstream and downstream arrays consist of four flat plate antennas each, spanning 24 meters across the low-water channel.",44.956205,-115.53315,Kevin Peterson,kpeterson@qcinc.org,(208) 275-0011,QCI,SFMAI-s,South Fork Salmon River,Snake River Basin Steelhead DPS,Salmon River,SFEFS,East Fork South Fork Salmon River,Snake River Spring/Summer-run Chinook Salmon ESU,South Fork Salmon River
INT,HEC,Adult/Juvenile,Yes,No,QCI,QCI/NPT,Unknown,100,Lemhi,Lemhi River,25,GRA LLRB0 LLRA0 LRWB0 LRWA0 HECB0 HECA0,Hawley Cr/18 Mile Cr Array,Instream Remote Detection System,17060204,Lemhi,522.303.416.092.004.001,1338,Hawley Upstream Array,"In-stream detection system consisting of one controller/datalogger and two triple arrays,one in Eighteen Mile Creek and one in Hawley Cr. The Hawley Creek array is located 5.75 km upstream of the confluence with Texas Creek and is comprised of 3 arrays deployed serially at about 10 m apart, of one 10 ft PVC pipe pass-by antenna each. The Eighteen Mile Creek array is located 100 m upstream of the confluence with Hawley Creek and is comprised of 3 arrays deployed serially at about 10 m apart, of one 5 ft PVC pipe pass-by antenna each.  HEC is operated by the Integrated Status and Effectiveness Project (ISEMP) cooperators Idaho Fish and Game and Quantitative Consultants, Inc. and was installed for continuous monitoring in October 2013. This site is powered by a 24 volt solar powered system and remote communication is provided by a cellular telephone modem.  Environmental conditions are monitored by air temperature, water temperature, and water depth sensors.. Site was decommissioned March 2017, last data recieved December 2015.",44.66859381,-113.3115502,Kevin Peterson,kpeterson@qcinc.org,(208) 275-0011,QCI,SRLEM-s,Lemhi River,Snake River Basin Steelhead DPS,Salmon River,SRLEM,Lemhi River,Snake River Spring/Summer-run Chinook Salmon ESU,Upper Salmon River
INT,HYC,Adult/Juvenile,Yes,Yes,QCI,QCI/NPT,BPA,120,Lemhi,Lemhi River,25,GRA LLRB0 LLRA0 HYCB0 HYCA0,Hayden Creek In-stream Array,Instream Remote Detection System,17060204,Lemhi,522.303.416.049.001,1291,UPSTREAM ARRAY,"This is an instream interrogation system located on the lower section of Hayden Creek, in the Lemhi River Basin.  The system consists of two arrays, located serially 15 meters apart with the upstream array having two 10 foot and one 5 foot PVC Pipe antennas, and the lower array not changing from original installation and having one 20 foot and one 10 foot flat-plate antennas. At low flow, both arrays cover all of the stream channel. Water depth, water temperature, and air temperature probes are installed.",44.86171866,-113.6318754,Kevin Peterson,kpeterson@qcinc.org,(208) 275-0011,QCI,SRLEM-s,Lemhi River,Snake River Basin Steelhead DPS,Salmon River,SRLEM,Lemhi River,Snake River Spring/Summer-run Chinook Salmon ESU,Upper Salmon River
INT,IR1,Adult/Juvenile,Yes,Yes,QCI,QCI/NPT,BPA,100,Imnaha,Imnaha,11,GRA IR1,Lower Imnaha River ISA @ km 7,Instream Remote Detection System,17060102,Imnaha,522.308.007,837,STREAM BANK LEFT,"In-stream detection system consisting of a single array located in the lower Imnaha River. The array (IR1) located at river km 7 (N 45.761162, W -116.750658) consists of four 20 foot Biomark flat panel antennas that span the entire river at base flow. IR1 is operated by the Integrated Status and Effectiveness Project (ISEMP) cooperators Nez Perce Tribe and Quantitative Consultants, Inc. and was installed for continuous monitoring on December 3, 2010. The array includes ISEMP standard site monitoring equipment including: air and water temperature probes, and a water pressure transducer to monitor stream level. Electrical power is provided by a solar/propane hybrid thermal electric generator and remote communication provided by a satellite modem.",45.76105242,-116.7502308,Kevin Peterson,kpeterson@qcinc.org,(208) 275-0011,QCI,IRMAI-s,Imnaha River,Snake River Basin Steelhead DPS,Imnaha River,IRMAI,Imnaha River mainstem,Snake River Spring/Summer-run Chinook Salmon ESU,Grande Ronde / Imnaha
INT,IR2,Adult/Juvenile,Yes,Yes,QCI,QCI/NPT,BPA,100,Imnaha,Imnaha,11,GRA IR1 IR2,Lower Imnaha River ISA @ km 10,Instream Remote Detection System,17060102,Imnaha,522.308.010,840,STREAM BANK LEFT,"In-stream detection system consisting of a single array located in the lower Imnaha River. The array (IR2) located at river km 10 (N 45.742839 W -116.764563) consists of one 10 foot and four 20 foot Biomark flat panel antennas that span the entire river at base flow. IR2 is operated by the Integrated Status and Effectiveness Project (ISEMP) cooperators Nez Perce Tribe and Quantitative Consultants, Inc. and was installed for continuous monitoring in November 2010. The array includes ISEMP standard site monitoring equipment including: air and water temperature probes, and a water pressure transducer to monitor stream level. Electrical power is provided by a solar/propane hybrid thermal electric generator and remote communication provided by a satellite modem.",45.74270235,-116.764304,Kevin Peterson,kpeterson@qcinc.org,(208) 275-0011,QCI,IRMAI-s,Imnaha River,Snake River Basin Steelhead DPS,Imnaha River,IRMAI,Imnaha River mainstem,Snake River Spring/Summer-run Chinook Salmon ESU,Grande Ronde / Imnaha
INT,IR3,Adult/Juvenile,Yes,Yes,QCI,QCI/NPT,BPA,100,Imnaha,Imnaha,11,GRA IR1 IR2 IR3B0 IR3A0,Upper Imnaha River ISA @ km 41,Instream Remote Detection System,17060102,Imnaha,522.308.041,871,UPSTREAM ARRAY,"In-stream detection system consisting of a tandem array located in the Upper Imnaha River.  The array (IR3) located at river km 41 (N 45.49004 W 116.80393) consists of two arrays , deployed serially 10 m apart, of three 20 ft Biomark flat panel antennas each. The upstream array spans all but 1.5 meters of the channel, starting from the right bank of channel.  The downstream array begins at the left bank and spans all but 4 meters of the channel.  IR3 is operated by the Integrated Status and Effectiveness Monitoring Project (ISEMP) cooperators Nez Perce Tribe and Quantitative Consultants, Inc. and was installed for continuous monitoring on February 15, 2011.",45.48995689,-116.8040963,Kevin Peterson,kpeterson@qcinc.org,(208) 275-0011,QCI,IRMAI-s,Imnaha River,Snake River Basin Steelhead DPS,Imnaha River,IRMAI,Imnaha River mainstem,Snake River Spring/Summer-run Chinook Salmon ESU,Grande Ronde / Imnaha
INT,JOC,Adult Est.,Yes,Yes,QCI,QCI/NPT,BPA,110,Grande Ronde,Joseph Creek,9,GRA JOCB0 JOCA0,Joseph Creek ISA @ km 3,Instream Remote Detection System,17060106,Lower Grande Ronde,522.271.007.003,803,Upstream Array,"In-stream detection system consisting of a tandem array located in Joseph Creek. The array (JOC) located at river km 3 (N 46.030016, W -117.016042) consists of two arrays , deployed serially 10 m apart, of three 20 ft Biomark flat panel antennas and two 20 ft Biomark flat panel antennas, respectively. JOC is operated by the Integrated Status and Effectiveness Project (ISEMP) cooperators Nez Perce Tribe and Quantitative Consultants, Inc. and was installed for continuous monitoring on October 15, 2010. The array includes ISEMP standard site monitoring equipment including air and water temperature probes, and a water pressure transducer to monitor stream level. Electrical power is provided by a thermal electric generator and remote communication provided by a satellite modem.",46.03023706,-117.016408,Kevin Peterson,kpeterson@qcinc.org,(208) 275-0011,QCI,GRJOS-s,Joseph Creek,Snake River Basin Steelhead DPS,Grande Ronde River,,,,
INT,KEN,Adult/Juvenile,Yes,Yes,QCI,QCI/NPT,BPA,110,lemhi,Lemhi River,25,GRA LLRB0 LLRA0 KENB0,Kenney Creek In-stream Arrays,Instream Remote Detection System,17060204,Lemhi,522.303.416.029.000,1270,Floating Antenna,The KEN site is located 0.2 km upstream from the mouth of Kenney Creek.  This site consists of two tandem 6-foot antennas located serially approximately 12 feet apart.,45.02703,-113.65801,Kevin Peterson,kpeterson@qcinc.org,(208) 275-0011,QCI,SRLEM-s,Lemhi River,Snake River Basin Steelhead DPS,Salmon River,SRLEM,Lemhi River,Snake River Spring/Summer-run Chinook Salmon ESU,Upper Salmon River
INT,KRS,Adult/Juvenile,Yes,Yes,QCI,QCI/NPT,BPA,110,SFSR,SF Salmon,21,GRA SFG KRS,SF Salmon River at Krassel Cr.,Instream Remote Detection System,17060208,South Fork Salmon,522.303.215.065,1105,IN-RIVER PASS-OVER MUX ARRAY,This in-stream interrogation system is located near Krassel Creek at rkm 65 on the South Fork Salmon River.,44.97847155,-115.7269938,Kevin Peterson,kpeterson@qcinc.org,(208) 275-0011,QCI,SFMAI-s,South Fork Salmon River,Snake River Basin Steelhead DPS,Salmon River,SFSMA,South Fork Salmon River mainstem,Snake River Spring/Summer-run Chinook Salmon ESU,South Fork Salmon River
INT,LB8,Adult/Juvenile,Yes,No,QCI,QCI/NPT,Unknown,100,lemhi,Lemhi River,25,GRA LLRB0 LLRA0 LRWB0 LRWA0 LB8B0 LB8A0,Big Eightmile Creek,Instream Remote Detection System,17060204,Lemhi,522.303.416.073.001,1315,Upstream Array,"This in-stream detection system on Big Eightmile Creek is located approximately 0.5 km upstream of the confluence with the Lemhi River and is comprised of two arrays.  The upstream and downstream arrays each consist of one 10 ft antenna. The site is located 50 meters upstream of the bridge on Idaho state highway 28. LB8 is operated by the Integrated Status and Effectiveness Monitoring Project (ISEMP) cooperators Idaho Fish and Game and Quantitative Consultants, Inc. This site is powered by a battery bank, which is charged by solar panels.  Remote communication is provided by a cellular telephone modem.",44.738218,-113.462458,Kevin Peterson,kpeterson@qcinc.org,(208) 275-0011,QCI,SRLEM-s,Lemhi River,Snake River Basin Steelhead DPS,Salmon River,SRLEM,Lemhi River,Snake River Spring/Summer-run Chinook Salmon ESU,Upper Salmon River
INT,LBS,Adult/Juvenile,Yes,No,QCI,QCI/NPT,Unknown,110,lemhi,Lemhi River,25,GRA LLRB0 LLRA0 LRWB0 LRWA0 LBSB0 LBSA0,Big Springs Creek,Instream Remote Detection System,17060204,Lemhi,522.303.416.077.001,1319,Upstream Antenna,"An in-stream detection system consisting of two antennas located on Big Springs Creek approximately 300 meters upstream from the confluence with the Lemhi River. LBS is operated by the Integrated Status and Effectiveness Monitoring Project (ISEMP) cooperators Idaho Fish and Game and Quantitative Consultants, Inc. and was installed in the spring of 2014.  The site is powered by batteries banks that are charged by solar panels next to the control box and communication is provided by a cellular telephone modem.  Environmental conditions are monitored by air temperature, water temperature, and water depth sensors. The initial configuration of consisting of three arrays of two antennas each was replaced in May 2017 with two 20 ft antennas deployed about 37 meters apart.",44.727349,-113.433214,Kevin Peterson,kpeterson@qcinc.org,(208) 275-0011,QCI,SRLEM-s,Lemhi River,Snake River Basin Steelhead DPS,Salmon River,SRLEM,Lemhi River,Snake River Spring/Summer-run Chinook Salmon ESU,Upper Salmon River
INT,LC1,Adult Est.,Yes,Yes,QCI,QCI/NPT,BPA,100,Clearwater,Lolo Creek,12,GRA LC1,Lower Lolo Creek at rkm 21,Instream Remote Detection System,17060306,Clearwater,522.224.087.021,854,SINGLE ARRAY,"Instream detection system consisting of a single array located in the Lolo Creek, a tributary to the Clearwater River. The array (LC1) is located at river km 522.224.087.021 (N 46.294434 W -115.976119) and consists of four 20 foot Biomark flat panel antennas that span the entire river at base flow. LC1 is operated by the Integrated Status and Effectiveness Project (ISEMP) cooperators Nez Perce Tribe and Quantitative Consultants, Inc. and was installed for continuous monitoring in November 2011. The array includes ISEMP standard site monitoring equipment including: air and water temperature probes, and a water pressure transducer to monitor stream level. Electrical power is provided by an AC battery switcher and remote communication provided by a land line phone modem.",46.29436015,-115.9761598,Kevin Peterson,kpeterson@qcinc.org,(208) 275-0011,QCI,CRLOL-s,Lolo Creek,Snake River Basin Steelhead DPS,Clearwater River,CRLOL,Lolo Creek,Snake River Spring/Summer-run Chinook Salmon ESU,Wet Clearwater
INT,LC2,Adult Est.,Yes,Yes,QCI,QCI/NPT,BPA,100,Clearwater,Lolo Creek,12,GRA LC1 LC2,Upper Lolo Creek at rkm 25,Instream Remote Detection System,17060306,Clearwater,522.224.087.025,858,SINGLE ARRAY,"Instream detection system consisting of a single array located in the Lolo Creek, a tributary to the Clearwater River. The array (LC2) is located at river km 522.224.087.025 (N 46.290562 W -115.934153) and consists of four 20 foot Biomark flat panel antennas that span the entire river at base flow. LC2 is operated by the Integrated Status and Effectiveness Project (ISEMP) cooperators Nez Perce Tribe and Quantitative Consultants, Inc. and was installed for continuous monitoring in November 2011. The array includes ISEMP standard site monitoring equipment including: air and water temperature probes, and a water pressure transducer to monitor stream level. Electrical power is provided using a solar/propane hybrid thermal electric generator and remote communication provided by a satellite phone modem.",46.29049792,-115.9337471,Kevin Peterson,kpeterson@qcinc.org,(208) 275-0011,QCI,CRLOL-s,Lolo Creek,Snake River Basin Steelhead DPS,Clearwater River,CRLOL,Lolo Creek,Snake River Spring/Summer-run Chinook Salmon ESU,Wet Clearwater
INT,LCL,Adult/Juvenile,Yes,No,QCI,QCI/NPT,Unknown,110,lemhi,Lemhi River,25,GRA LLRB0 LLRA0 LRWB0 LRWA0 LCLB0 LCLA0,"Lee Creek, Lemhi R. Basin",Instream Remote Detection System,17060204,Lemhi,522.303.416.079.001,1321,Upstream Antenna,"In-stream detection system currently consisting of two antennas located in Lee Creek approximately 50 meters upstream of the confluence with the Lemhi River. The Lee Creek array site is located 140 m below the culvert on Highway 28. LCL is operated by the Integrated Status and Effectiveness Project (ISEMP) cooperators Idaho Fish and Game and Quantitative Consultants, Inc. and was installed for continuous monitoring in December 2013. This site is powered by a 24 volt solar powered system and remote communication is provided by a cellular telephone modem.  Environmental conditions are monitored by air temperature, water temperature, and water depth sensors. The initial site configuration consisting of three antennas deployed about 10 meters apart was replaced in October 2016 with two 10 ft antennas deployed about 20 meters apart.",44.74707422,-113.474641,Kevin Peterson,kpeterson@qcinc.org,(208) 275-0011,QCI,SRLEM-s,Lemhi River,Snake River Basin Steelhead DPS,Salmon River,SRLEM,Lemhi River,Snake River Spring/Summer-run Chinook Salmon ESU,Upper Salmon River
INT,LLR,Adult/Juvenile,Yes,Yes,QCI,QCI/NPT,BPA,120,lemhi,Lemhi River,25,GRA LLRB0 LLRA0,Lower Lemhi River,Instream Remote Detection System,17060204,Lemhi,522.303.416.001,1242,UPSTREAM ARRAY,"This is an instream interrogation located on the lower Lemhi River in Salmon, ID. The site consists of two arrays, located serially 15 meters apart with each array having three 20 foot ABS Biomark antennas. At low flow, both arrays cover all but 1 m of the stream channel. Water depth, water temperature, and air temperature probes are installed.",45.17647509,-113.885278,Kevin Peterson,kpeterson@qcinc.org,(208) 275-0011,QCI,SRLEM-s,Lemhi River,Snake River Basin Steelhead DPS,Salmon River,SRLEM,Lemhi River,Snake River Spring/Summer-run Chinook Salmon ESU,Upper Salmon River
INT,LLS,Adult/Juvenile,Yes,Yes,QCI,QCI/NPT,BPA,100,lemhi,Lemhi River,25,GRA LLRB0 LLRA0 LRWB0 LRWA0 LLSB0 LLSA0,Lemhi Little Springs Instream,Instream Remote Detection System,17060204,Lemhi,522.303.416.066.000,1307,UPSTREAM ANTENNA,"Instream detection system consisting of a tandem array located in Lemhi Little Springs.  The array (LLS) located 0.1 km upstream of the confluence with the Lemhi River (N 44.77865, W -113.54208) consists of two arrays , deployed serially 19 m apart, of one 5 ft PVC pipe pass-by antenna each.  LLS is operated by the Integrated Status and Effectiveness Project (ISEMP) cooperators Idaho Fish and Game and Quantitative Consultants, Inc. and was installed for continuous monitoring on June 14, 2011.  Site electricity power comes from a thermoelectric generator and remote communication is provided by a cellular telephone modem.",44.77865,-113.54208,Kevin Peterson,kpeterson@qcinc.org,(208) 275-0011,QCI,SRLEM-s,Lemhi River,Snake River Basin Steelhead DPS,Salmon River,SRLEM,Lemhi River,Snake River Spring/Summer-run Chinook Salmon ESU,Upper Salmon River
INT,LRW,Adult/Juvenile,Yes,Yes,QCI,QCI/NPT,BPA,110,Lemhi,Lemhi River,25,GRA LLRB0 LLRA0 LRWB0 LRWA0,Lemhi River Weir,Instream Remote Detection System,17060204,Lemhi,522.303.416.050,1291,UPSTREAM ARRAY,"This is an in-stream interrogation system located on the Lemhi River above the mouth of Hayden Creek and below the IDFG weir. The site consists of two arrays, located serially 15 meters apart with the upstream array having four 10 foot PVC Pipe antennas and the lower array having the two original 20 foot flat-plate Biomark antennas. At low flow, the upper arrays covers the stream channel, the lower array covers all but 1 meter of the stream channel. Water depth, water temperature, and air temperature probes are installed.",44.86596003,-113.624721,Kevin Peterson,kpeterson@qcinc.org,(208) 275-0011,QCI,SRLEM-s,Lemhi River,Snake River Basin Steelhead DPS,Salmon River,SRLEM,Lemhi River,Snake River Spring/Summer-run Chinook Salmon ESU,Upper Salmon River
INT,NFS,Adult Est.,No,No,QCI,QCI/NPT,Unknown,100,Upper Salmon,NF Salmon,23,GRA NFSB0 NFSA0,North Fork Salmon River,Instream Remote Detection System,17060203,Middle Salmon-Panther,522.303.381.001,1207,Upstream Array,The in-stream detection system on the North Fork Salmon River (NFSR) is located approximately 0.5 km above the confluence with the Salmon River and is comprised of two arrays. The upstream and downstream arrays each have four 10 ft antennas. NFS was installed by Quantitative Sampling Technologies and is maintained by the Idaho Department of Fish and Game. It was installed in November 2015 and is powered by a battery bank which is charged by grid power at a nearby residence. Remote communication is via satellite service.,45.408645,-113.992002,Kevin Peterson,kpeterson@qcinc.org,(208) 275-0011,QCI,SRNFS-s,North Fork Salmon River,Snake River Basin Steelhead DPS,Salmon River,SRNFS,North Fork Salmon River,Snake River Spring/Summer-run Chinook Salmon ESU,Upper Salmon River
INT,SC1,Adult/Juvenile,Yes,Yes,QCI,QCI/NPT,BPA,100,Clearwater,SF Clearwater,13,GRA SC1,Lower SF Clearwater R at rkm 1,Instream Remote Detection System,17060305,South Fork Clearwater,522.224.120.001,867,INSTREAM ARRAY,"Instream detection system consisting of a tandem array located in the lower South Fork Clearwater River. The array (SC1) located at river km 0.9 (N 46.13685 W -115.98091) consists of a single array of six 20 ft Biomark flat panel antennas each. The array spans all but three meters of the channel during low flow conditions. SC1 is operated by the Integrated Status and Effectiveness Monitoring Project (ISEMP) cooperators Nez Perce Tribe and Quantitative Consultants, Inc. and was installed for continuous monitoring on August 19, 2011. The array includes ISEMP standard site monitoring equipment including: air and water temperature probes, and a water pressure transducer to monitor stream level. Electrical power is provided by grid power and remote communication provided by a cellular modem.",46.13702233,-115.981313,Kevin Peterson,kpeterson@qcinc.org,(208) 275-0011,QCI,CRSFC-s,South Fork Clearwater River,Snake River Basin Steelhead DPS,Clearwater River,SCUMA,Upper South Fork Clearwater,Snake River Spring/Summer-run Chinook Salmon ESU,Dry Clearwater
INT,SC2,Adult/Juvenile,Yes,Yes,QCI,QCI/NPT,BPA,100,Clearwater,SF Clearwater,13,GRA SC1 SC2B0,Lower SF Clearwater R at rkm 2,Instream Remote Detection System,17060305,South Fork Clearwater,522.224.120.002,868,INSTREAM ARRAY,"Instream detection system consisting of a tandem array located in the lower South Fork Clearwater River. The array (SC2) located at river km 2 (N 46.12749 W -115.97730) consists of a single array of six 20 ft Biomark flat panel antennas each. The array spans the channel during low flow conditions. SC2 is operated by the Integrated Status and Effectiveness Monitoring Project (ISEMP) cooperators Nez Perce Tribe and Quantitative Consultants, Inc. and was installed for continuous monitoring on September 19, 2011. The array includes ISEMP standard site monitoring equipment including: air and water temperature probes, and a water pressure transducer to monitor stream level. Electrical power is provided by grid power and remote communication provided by a cellular modem.",46.12720939,-115.9777602,Kevin Peterson,kpeterson@qcinc.org,(208) 275-0011,QCI,CRSFC-s,South Fork Clearwater River,Snake River Basin Steelhead DPS,Clearwater River,SCUMA,Upper South Fork Clearwater,Snake River Spring/Summer-run Chinook Salmon ESU,Dry Clearwater
INT,SFG,Adult Est.,Yes,Yes,QCI,QCI/NPT,BPA,100,SFSR,SF Salmon,21,GRA SFG,SF Salmon at Guard Station Br.,Instream Remote Detection System,17060208,South Fork Salmon,522.303.215.030,1070,IN-STREAM ARRAY,"This is an in-stream interrogation system located at rkm 30 near the lower South Fork Salmon River Guard Station on the South Fork Salmon River. It consists of six flat plate antennas, spanning 36 meters across the low-water channel.",45.17565897,-115.579712,Kevin Peterson,kpeterson@qcinc.org,(208) 275-0011,QCI,,,,,,,,
INT,TAY,Adult/Juvenile,Yes,Yes,QCI,QCI/NPT,BPA,110,MFSR,Big Creek,22,GRA TAYB0 TAYA0,Big Creek at Taylor Ranch,Instream Remote Detection System,17060206,Lower Middle Fork Salmon,522.303.319.029.011,1184,Upstream Array,"Site currently consists of a Biomark IS1001-Master Controller, 12 IS1001 readers, 12 20 ft antennas. The antennas are arranged in tandem with each array containing 6 antenna spanning 120 ft with a distance of 45 ft between the arrays.  Site has solar power, Hughes satellite modem and Campbell Scientific CS450L, CS107 environmental probes. From 2006 until October 2017, the site was located about 250 yards downstream of its current location, centered around the bridge at Taylor Ranch. It consisted of two FS1001M transcievers operating two arrays of six antennas each approximately 200 meters apart, spanning Big Creek above and below the bridge.",45.103532,-114.853817,Kevin Peterson,kpeterson@qcinc.org,(208) 275-0011,QCI,MFBIG-s,"Big, Camas, and Loon Creek",Snake River Basin Steelhead DPS,Salmon River,MFBIG,Big Creek,Snake River Spring/Summer-run Chinook Salmon ESU,Middle Fork Salmon River
INT,UGR,Adult/Juvenile,Yes,Yes,QCI,QCI/NPT,BPA,100,Grande Ronde,Upper Grande Ronde,19,GRA UGR,Upper Grande Ronde at rkm 155,Instream Remote Detection System,17060104,Upper Grande Ronde,522.271.155,948,SINGLE ARRAY,"In-stream detection system consisting of a single array located in the Grand Ronde River. The array (UGR) is located at river km 522.271.155 (45. 593338, -117.903124) and consists of six 20 foot Biomark flat panel antennas. The array spans the entire river at base flow. UGR is operated by the Integrated Status and Effectiveness Project (ISEMP) cooperators Nez Perce Tribe Fisheries and Quantitative Consultants, Inc. and was installed for continuous monitoring on October 18, 2012. The array includes ISEMP standard site monitoring equipment including: air and water temperature probes, and a water pressure transducer to monitor stream level. Electrical power is provided by a hybrid solar/ thermal electric generator. Remote communication is provided by a satellite phone modem. Data collection started on October 18, 2012.",45.59351967,-117.9033787,Kevin Peterson,kpeterson@qcinc.org,(208) 275-0011,QCI,GRUMA-s,Grande Ronde River upper mainstem,Snake River Basin Steelhead DPS,Grande Ronde River,,,,
INT,USE,Adult Est.,Yes,Yes,QCI,QCI/NPT,BPA,100,Upper Salmon,Upper Salmon,26,GRA USE,Upper Salmon River at rkm 437,Instream Remote Detection System,17060203,Middle Salmon-Panther,522.303.437,1262,ARRAY,"In-stream detection system consisting of a single array located in the Salmon River. The array (USE) is located at river km 522.303.437 (N45.028939 W-113.915892) and consists of six 20 foot Biomark flat panel antennas. The array does not span the entire river at base flow. USE is operated by the Integrated Status and Effectiveness Project (ISEMP) cooperators Idaho Fish and Game and Quantitative Consultants, Inc. and was installed for continuous monitoring in September, 2012. The array includes ISEMP standard site monitoring equipment including: air and water temperature probes, and a water pressure transducer to monitor stream level. Electrical power is provided by a battery switcher with power supplied from a thermal electric generator. Remote communication is provided by a cellular phone modem. Data collection started on September 14, 2012.",45.02853032,-113.9163189,Kevin Peterson,kpeterson@qcinc.org,(208) 275-0011,QCI,SRUMA-s,Salmon River upper mainstem,Snake River Basin Steelhead DPS,Salmon River,,,,
INT,USI,Adult Est.,Yes,Yes,QCI,QCI/NPT,BPA,100,Upper Salmon,Upper Salmon,26,GRA USE USI,Upper Salmon River at rkm 460,Instream Remote Detection System,17060203,Middle Salmon-Panther,522.303.460,1285,ARRAY,"In-stream detection system consisting of a single array located in the main-stem Salmon River. The array (USI) is located at river km 522.303.460 (N44.890380 W-113.962575) and consists of six 20 foot Biomark flat panel antennas. The array does not span the entire river at base flows. USI is operated by the Integrated Status and Effectiveness Project (ISEMP) cooperators Idaho Fish and Game and Quantitative Consultants, Inc. and was installed for continuous monitoring in August, 2012. The array includes ISEMP standard site monitoring equipment including: air and water temperature probes, and a water pressure transducer to monitor stream level. Electrical power is provided by a battery switcher with power supplied from the electrical power grid. Remote communication is provided by a cellular phone modem. Data collection began in November 2012.",44.88976345,-113.9641445,Kevin Peterson,kpeterson@qcinc.org,(208) 275-0011,QCI,,,,,,,,
INT,VC1,Adult/Juvenile,Yes,Yes,QCI,QCI/NPT,BPA,120,Upper Salmon,Upper Salmon,26,GRA USE USI VC2 VC1,"Valley Creek, Upstream Site",Instream Remote Detection System,17060201,Upper Salmon,522.303.609.002,1436,UPSTREAM ARRAY,"This is an in-stream interrogation system located on Valley Creek at Stanley, ID., in the Upper Salmon River.",44.21867155,-114.9421498,Kevin Peterson,kpeterson@qcinc.org,(208) 275-0011,QCI,,,,,,,,
INT,VC2,Adult/Juvenile,Yes,Yes,QCI,QCI/NPT,BPA,130,Upper Salmon,Upper Salmon,26,GRA USE USI VC2,"Valley Creek, Downstream Site",Instream Remote Detection System,17060201,Upper Salmon,522.303.609.001,1435,Upstream 3-antenna Array,"This is an in-stream interrogation system located on Valley Creek below Stanley, ID., in the Upper Salmon River.",44.22190024,-114.9314605,Kevin Peterson,kpeterson@qcinc.org,(208) 275-0011,QCI,,,,,SRVAL,Valley Creek,Snake River Spring/Summer-run Chinook Salmon ESU,Upper Salmon River
INT,WPC,Adult/Juvenile,Yes,No,QCI,QCI/NPT,Unknown,110,lemhi,Lemhi River,25,GRA LLRB0 LLRA0 WPCB0 WPCA0,"Wimpey Creek, Lemhi R. Basin",Instream Remote Detection System,17060204,Lemhi,522.303.416.020.001,1262,Upstream Antenna,"In-stream detection system consisting of two antennas deployed serially about 30 meters apart in Wimpey Creek and is approximately 70 meters upstream of the confluence with the Lemhi River.  WPC is operated by the Integrated Status and Effectiveness Project (ISEMP) cooperators Idaho Fish and Game and Quantitative Consultants, Inc.  The initial configuration consisting of three arrays of three antennas each was replaced in August of 2017 to two 20 foot ABS antennas.  Site electricity comes from the adjacent electrical service lines and remote communication is provided by a cellular telephone modem.  Environmental conditions are monitored by air temperature.",45.097938,-113.720497,Kevin Peterson,kpeterson@qcinc.org,(208) 275-0011,QCI,SRLEM-s,Lemhi River,Snake River Basin Steelhead DPS,Salmon River,SRLEM,Lemhi River,Snake River Spring/Summer-run Chinook Salmon ESU,Upper Salmon River
INT,WR1,Adult/Juvenile,Yes,Yes,QCI,QCI/NPT,BPA,100,Grande Ronde,Wallowa River,18,GRA WR1,Wallowa River at river km 14,Instream Remote Detection System,17060105,Wallowa,522.271.131.014,938,Left Bank,"WR1 is an in-stream detection system consisting of a single array located in the Wallowa River, Oregon.  The array is located at river km 522.271.131.014 (N 45.633769 ° W -117.73369°) and consists of six 20 foot Biomark flat panel antennas.  The array spans all but 20 feet of the river at base flow.  WR1 is operated by the Integrated Status and Effectiveness Project (ISEMP) cooperators Nez Perce Tribe Fisheries and Quantitative Consultants, Inc. and was installed for continuous monitoring on August 16, 2013.  The array includes ISEMP standard site monitoring equipment including: air and water temperature probes, and a water pressure transducer to monitor stream level.  Electrical power is provided by a thermal electric generator.  Remote communication is provided by a satellite phone modem.  Data collection started on August 16, 2013.",45.63367941,-117.7337567,Kevin Peterson,kpeterson@qcinc.org,(208) 275-0011,QCI,GRWAL-s,Wallowa River,Snake River Basin Steelhead DPS,Grande Ronde River,,,,
INT,ZENA0,Adult/Juvenile,Yes,Yes,QCI,QCI/NPT,BPA,110,SFSR,SF Salmon,21,GRA SFG ZENB0 ZENA0,Secesh River at Zena Cr. Ranch,Instream Remote Detection System,17060208,South Fork Salmon,522.303.215.059.003,1102,UPPER IN-STREAM ARRAY,"This is an in-stream interrogation system consisting of two separate antenna arrays, 130 meters apart, near the Zena Creek Ranch.  The upstream and downstream arrays consist of four flat plate antennas each, spanning 24 meters (80 ft.) across the low-water channel.",45.0333,-115.73302,Kevin Peterson,kpeterson@qcinc.org,(208) 275-0011,QCI,SFSEC-s,Secesh River,Snake River Basin Steelhead DPS,Salmon River,SFSEC,Secesh River,Snake River Spring/Summer-run Chinook Salmon ESU,South Fork Salmon River
INT,ZENB0,Adult/Juvenile,Yes,Yes,QCI,QCI/NPT,BPA,110,SFSR,SF Salmon,21,GRA SFG ZENB0 ZENA0,Secesh River at Zena Cr. Ranch,Instream Remote Detection System,17060208,South Fork Salmon,522.303.215.059.003,1102,UPPER IN-STREAM ARRAY,"This is an in-stream interrogation system consisting of two separate antenna arrays, 130 meters apart, near the Zena Creek Ranch.  The upstream and downstream arrays consist of four flat plate antennas each, spanning 24 meters (80 ft.) across the low-water channel.",45.0333,-115.73302,Kevin Peterson,kpeterson@qcinc.org,(208) 275-0011,QCI,SFSEC-s,Secesh River,Snake River Basin Steelhead DPS,Salmon River,SFSEC,Secesh River,Snake River Spring/Summer-run Chinook Salmon ESU,South Fork Salmon River
INT,CEY,Habitat Eval,No,No,SHOBAN,SHOBAN,Unknown,100,Upper Salmon,Yankee Fork,26,GRA USE USI YFKB0 YFKA0,Cearley Creek Side Channel,Instream Remote Detection System,17060201,Upper Salmon,522.303.591.009,1425,Upstream Array,"Cearley Creek is a small tributary of the Yankee Fork of the Salmon River, Idaho and flows into a newly constructed side channel  and then into the Yankee Fork main stem. One 10ft x 5ft passthrough antenna and one 9ft x 5ft passthrough antenna are installed at the head of the side channel and two 10ft x 5ft passthrough antennas are installed at the mouth of the side channel. The upstream array of antennas are approximately 0.8 km (0.5 miles) away from the downstream array.",44.339059,-114.72164,Evelyn Galloway,egalloway@sbtribes.com,(208) 251-1283,SHOBAN,,,,,,,,
INT,YFK,Adult Est.,No,No,SHOBAN,SHOBAN,Unknown,100,Upper Salmon,Yankee Fork,26,GRA USE USI YFKB0 YFKA0,Yankee Fork Salmon River,Instream Remote Detection System,17060201,Upper Salmon,522.303.591.003,1419,UPSTREAM ARRAY,"Theis is a permanent instream PIT tag detection site consisting of four Biomark 20ft stout pass-by antennas connected to an enclosure pole. The antennas are arranged in two arrays about 10 meters apart. The equipment is linked to direct power and communications are provided by direct phone line. Water depth, water temperature, and air temperature probes are also installed. The site is located 3.14 river kilometers upstream from the confluence with the Salmon River at an elevation of 1855m. The site is characterized as a B-type channel with 2-4 percent grade, a B-type streambed, and a 2-3 (boulder:cobble) stream type. Primary vegetation at the site includes alders, willows, and conifers.",44.28773709,-114.7204533,Lytle Denny,ldenny@sbtribes.com,(208) 239-4560,SHOBAN,,,,,SRYFS,Yankee Fork,Snake River Spring/Summer-run Chinook Salmon ESU,Upper Salmon River
INT,LAP,Adult/Juvenile,Yes,No,USBR,USBR,USBR,120,Lapwai,Lapwai,7,GRA LAPB0 LAPA0,"Lapwai Creek, near its mouth",Instream Remote Detection System,17060306,Clearwater,522.224.019.001,766,UPPER INSTREAM ARRAY,"In-stream detection system consisting of three arrays located in Lapwai Creek.  The site (LAP) is located at river km 522.224.019.001 (46.443273, -116.812535) and consists of three arrays each having one 20 foot and one 10 foot Biomark flat panel antenna.  Each array spans the entire river at base flow.  LAP is operated by the Nez Perce Tribe Fisheries and cooperators; Reclamation and Quantitative Consultants, Inc. The site was moved 750m upstream from its original location and reinstalled on November 6, 2012.  Electrical power is provided by a Clearwater Power.  Remote communication is provided by a Verizon cell phone modem.",46.443273,-116.812535,Anthony Prisciandaro,APrisciandaro@usbr.gov,(208)383-2233,USBR,CRLMA-s,Clearwater River lower mainstem,Snake River Basin Steelhead DPS,Clearwater River,CRLAP,Lapwai/Big Canyon,Snake River Spring/Summer-run Chinook Salmon ESU,Dry Clearwater
INT,MIS,Adult/Juvenile,Yes,No,USBR,USBR,USBR,100,Clearwater,Lapwai,7,GRA LAPB0 LAPA0 MISB0 MISA0,Mission Creek,Instream Remote Detection System,17060306,Clearwater,522.224.019.016.001,782,UPSTREAM ANTENNA,"This is an in-stream interrogation system consisting of two separate antennas, 7 meters apart and approximately 0.1 kilometers upstream from the mouth of Mission Creek, powered by a Destron Fearing FS1001M (labeled C0). The upstream antenna, C1, and downstream antenna, C2, each consist of a single fiberglass flat-plate antenna engineered by Biomark Inc. The antennas both cover the width of the stream in all but the highest spring discharges. MIS is operated by the University of Idaho, Department of Fish and Wildlife Resources in coordination with Bureau of Reclamation.",46.367062,-116.735597,Anthony Prisciandaro,APrisciandaro@usbr.gov,(208)383-2233,USBR,CRLMA-s,Clearwater River lower mainstem,Snake River Basin Steelhead DPS,Clearwater River,CRPOT,Polatch River,Snake River Spring/Summer-run Chinook Salmon ESU,Dry Clearwater
INT,SWT,Adult/Juvenile,Yes,No,USBR,USBR,USBR,110,Lapwai,Lapwai,7,GRA LAPB0 LAPA0 SWTB0 SWTA0,Sweetwater Cr. near its mouth,Instream Remote Detection System,17060306,Clearwater,522.224.019.010.001,776,UPPER INSTREAM ARRAY,"This is an in-stream interrogation system consisting of three separate antennas, 5 meters apart and approximately 0.1 kilometers upstream from the mouth of Sweetwater Creek. The upstream antenna B1, middle antenna B2, and downstream antenna B3 each consist of a single PVC encased flat-plate antenna.  Antennas B1 and B3 are 15 feet wide and antenna B2 is 10 feet wide.  The antennas all cover the width of the stream in all but the highest spring discharges (Figure 3). SWT is operated by the University of Idaho, Department of Fish and Wildlife Resources in coordination with Bureau of Reclamation. This new setup was installed in November 2011 and replaced the old setup that was originally installed in November 2010.",46.36921715,-116.7957569,Anthony Prisciandaro,APrisciandaro@usbr.gov,(208)383-2233,USBR,CRLMA-s,Clearwater River lower mainstem,Snake River Basin Steelhead DPS,Clearwater River,CRPOT,Polatch River,Snake River Spring/Summer-run Chinook Salmon ESU,Dry Clearwater
INT,WEB,Adult/Juvenile,Yes,No,USBR,USBR,USBR,100,Clearwater,Lapwai,7,GRA LAPB0 LAPA0 SWTB0 SWTA0 WEBB0 WEBA0,Webb Creek,Instream Remote Detection System,17060306,Clearwater,522.224.019.010.006.001,782,UPSTREAM ANTENNA,"This is an in-stream interrogation system consisting of two separate antennas, 10 meters apart and approximately 1.0 kilometers upstream from the mouth of Webb Creek, powered by a Destron Fearing FS1001M (labeled D0). The upstream antenna, D1, and downstream antenna, D2, each consist of a single PVC flat-plate antenna engineered by NMFS. The antennas both cover the width of the stream in all but the highest spring discharges. WEB is operated by the University of Idaho, Department of Fish and Wildlife Resources in coordination with Bureau of Reclamation.",46.325992,-116.831974,Anthony Prisciandaro,APrisciandaro@usbr.gov,(208)383-2233,USBR,CRLMA-s,Clearwater River lower mainstem,Snake River Basin Steelhead DPS,Clearwater River,CRPOT,Polatch River,Snake River Spring/Summer-run Chinook Salmon ESU,Dry Clearwater
INT,CLC,Adult Est.,No,No,USFWS,USFWS,USFWS,100,Clearwater,Clear Creek,14,GRA CLC,Clear Creek near Kooskia NFH,Instream Remote Detection System,17060304,Middle Fork Clearwater,522.224.120.004.001,871,Clear Creek Array,"Instream detection array located in lower Clear Creek, a tributary to the Clearwater River, just downstream of Kooskia National Fish Hatchery. The array (CLC) is located at river km 522.224.120.004.001 and consists of five 10 foot Biomark flat panel antennas that span the entire river at base flow. The system is powered by Kooskia NFH and transmits interrogation data to the IFRO through a cellular modem. Data is reported to PTAGIS weekly via manually e-mailed interrogation files. CLC is operated by the Idaho Fishery Resource Office located in Orofino, ID. The array was installed in July, 2014 and began operation in February, 2015.",46.13273852,-115.9501835,Chris Griffith,Christopher_Griffith@fws.gov,(208) 476-2241,USFWS,CRLMA-s,Clearwater River lower mainstem,Snake River Basin Steelhead DPS,Clearwater River,,,,
INT,LTR,Adult/Juvenile,No,No,WDFW,WDFW,Unknown,160,Tocannon,Tocannon,1,GRA LTR,Lower Tucannon River,Instream Remote Detection System,17060107,Lower Snake-Tucannon,522.100.003,625,UPSTREAM LEFT ANTENNA,"This is an in-stream interrogation system that has variously consisted of one or two groups of arrays, about a kilometer apart, located near the mouth of the Tucannon River.  From Oct. 2005 until April 2008 the downstream array group consisted of two tandem 'log' antenna arrays that spanned the low-water channel above the boat ramp.  The upstream array group was located at an abandoned railroad bridge abutment upstream of Hwy 261 on the Tucannon River downstream from Starbuck.  The upstream array (A0) operated from Oct. 2005 until January 2009.  Its various configurations included both pass-through and pass-over antennas.  A single array (C0) with six PVC pipe antennas was re-deployed above the boat ramp in Sept. 2009.  Responsibility for site operations transferred from USFWS to WDFW on Jan. 7, 2010.  The CO in-stream array was relocated below the Hwy 261 bridge on Sept. 29, 2010.",46.544192,-118.162901,Todd Miller,Todd.Miller@dfw.wa.gov,(509) 664-3148,WDFW,SNTUC-s,Tucannon River,Snake River Basin Steelhead DPS,Lower Snake,SNTUC,Tucannon River,Snake River Spring/Summer-run Chinook Salmon ESU,Lower Snake
INT,MTR,Adult/Juvenile,No,No,WDFW,WDFW,Unknown,110,Tocannon,Tocannon,1,GRA LTR MTR,Middle Tucannon River,Instream Remote Detection System,17060107,Lower Snake-Tucannon,522.100.019,641,UPSTREAM ARRAY,"The Middle Tucannon River site is located about 250 feet above the River Ranch Ln bridge on the Tucannon River, at River Kilometer 19.5. The site consists of six flat plate antennas (three rows of two antennas each) and powered from direct power on the grid.",46.50523883,-118.0162736,Todd Miller,Todd.Miller@dfw.wa.gov,(509) 664-3148,WDFW,,,,,,,,
INT,TFH,Weir Eval,No,No,WDFW,WDFW,Unknown,110,Tocannon,Tocannon,1,GRA LTR MTR UTR TUCH,Tucannon Fish Hatchery,Instream Remote Detection System,17060107,Lower Snake-Tucannon,522.100.059,681,Upstream Array A,"The Tucannon Fish Hatchery site is located at the Tucannon Fish Hatchery Adult Trap and Water Intake System on the Tucannon River, at River Kilometer 59.4. The site consists of six flat plate antennas (two rows of three antennas each) upstream of the weir, two antennas were in the fish ladder and four flat plate antennas (two rows of two antennas each) were installed approximately 400m downstream of the weir. The antennas in the fish ladder and downstream of the weir were added in December 2016 during a site overhaul that also included replacing the FS1001M transceiver with the IS1001-MC and the original 6 antennas. The site is connected to AC power and also includes a Campbell Scientific CR1000 data logger and remote communication via a satellite modem.",46.30962692,-117.6571606,Todd Miller,Todd.Miller@dfw.wa.gov,(509) 664-3148,WDFW,,,,,,,,
INT,UTR,Adult/Juvenile,No,No,WDFW,WDFW,Unknown,100,Lower Snake,Tocannon,1,GRA LTR MTR UTR,Upper Tucannon River,Instream Remote Detection System,17060107,Lower Snake-Tucannon,522.100.053,675,UPSTREAM ARRAY,"The Upper Tucannon River site is located about 200 yards above Don Howards House on the Tucannon River, at River Kilometer 53.2. The site consists of six flat plate antennas (three rows of two antennas each) and powered from direct power on the grid.",46.41592231,-117.7383419,Todd Miller,Todd.Miller@dfw.wa.gov,(509) 664-3148,WDFW,,,,,,,,
NEW,LRU,Adult Est.,No,No,IDFG,IDFG,Unknown,,Clearwater,Lochsa River,,,Lochsa River Upper Site,Instream Remote Detection System,17060303,,522.224.120.037.003,906,,Site is located in lower 3km of the mainstem Lochsa River.  Site is comprised of eighteen 20ft. antennas with the electronic enclosure located on river right.  The site consists of a single array of antennas and is channel spanning.  The site contains two IS1001-MC units.  The left unit controls antennas 1-9 (A1-A9) and the right unit controls antennas 10-18 (B1-B9).,46.163821,'-115.589663,Jason Fortier,Jason.fortier@idfg.idaho.gov,(208) 799-5010,IDFG,CRLOC-s,Lochsa River,Snake River Basin Steelhead DPS,Clearwater River,CRLOC,Lochsa River,Snake River Spring/Summer-run Chinook Salmon ESU,Wet Clearwater
NEW,RFL,Adult/Juvenile,No,No,IDFG,IDFG,Unknown,,Upper Salmon,Upper Salmon,,,Redfish Lake Creek,Instream Remote Detection System,17060201,,522.303.615.001,1441,,"The site is located on Redfish Lake Creek approximately one half mile upstream from the confluence with the Salmon River. The electronics enclosure and battery box are located on the river right bank on the back side of a storage shed used by the camp host at Chinook Bay Campground.The site consists of four 20ft HDPE antennas, located in a single string across the river.  The antennas are constructed of fusion welded 4 inch HDPE pipe. Each antenna is driven by a Biomark IS1001 reader located in a submersible canister attached to the antenna. The readers are controlled by a Biomark IS1001-MC located in an enclosure on the shore.   The antennas are anchored to the streambed with a through-strut method using DB-88 earth anchors attached to stainless steel threaded rod. The anchors are driven to a depth of 20-30 inches into the river bed. The IS1001 readers are connected to the IS1001-MC via Biomark CAN Bus cable. All cables are covered by flexible non-metallic conduit.  Power for the syst",44.164727,'-114.905043,Eric Johnson,eric.johnson@idfg.idaho.gov,(208) 939-6713,IDFG,,,,,,,,
NEW,YPP,Adult/Juvenile,No,No,MGS,MGS,MGS,,SFSR,SF Salmon,,,Yellow Pine Pit Lake,Instream Remote Detection System,17060208,South Fork Salmon,522.303.215.060.042,1142,,"Site is located roughly 300ft downstream from the outlet of Yellow Pine Pit Lake in the Stibnite mine on the East Fork of the Southfork Salmon River. The closest major landmark is the town of Yellow Pine, ID which is roughly 11 miles downstream from the site. The site consists of (1) Biomark IS1001MC and (2) Biomark 15ft HDPE Antennas, power to the site is from a Thermo Electric Generator running on propane, with no remote communications.",44.928995,'-115.333883,Kyle Fend,fend@midasgoldinc.com,(208) 866-8579,MGS,SFMAI-s,South Fork Salmon River,Snake River Basin Steelhead DPS,Salmon River,SFEFS,East Fork South Fork Salmon River,Snake River Spring/Summer-run Chinook Salmon ESU,South Fork Salmon River
NEW,SW2,Adult Est.,Yes,No,NPT,NPT,BPA,,Clearwater,Selway River,,,Upper Selway River Array,Instream Remote Detection System,17060302,,522.224.120.037.013,916,,"Site consists of a pair of Biomark IS1001-Master Controllers, 18-IS1001 readers, sixten 20 ft antennas and two 10 ft antennas. The antennas are arranged in single 340 ft array. IS1001-MC A0 controls antennas 01-09 (from left-bank) and IS1001-MC BO controls antennas 01-09 (from middle of channel to right bank). Site has AC power with Biomark PLC battery switcher, satellite communication and Campbell Scientific CS451 and 109 environmental probes.",46.085934,'-115.515533,Jason Vogel,jasonv@nezperce.org,(208) 843-7145,NPT,CRSEL-s,Selway River,Snake River Basin Steelhead DPS,Clearwater River,SEUMA,Upper Selway River,Snake River Spring/Summer-run Chinook Salmon ESU,Wet Clearwater
NEW,WR2,Adult/Juvenile,Yes,No,NPT,NPT,BPA,,,Wallowa River,,,Wallowa River at rkm 32,Instream Remote Detection System,17060105,Wallowa,522.271.131.032,956,,"WR2 is a tandem array in-stream detection sytem located in the Wallowa River at approximately river km 32 just upstream of Lower Diamond Road bridge near the town of Wallowa, OR. A total of 8 HDPE antennas (2 sets of 4 in parallel) span approximately 21 meters river channel. WR2 was installed on August 2, 2018 and is operated by the Nez Perce Tribe Grand Ronde Supplementation Monitoring and Evaluation Program. The site is powered by a thermal electric generator fueled by a 300 gallon propane tank. Remote communication is provided by satellite phone modem. Data collection started on October 23, 2018.",45.594472,'-117.579237,Shane Vatland,shanev@nezperce.org,(541) 432-2508,NPT,,,,,,,,
NEW,UGS,Weir Eval,No,No,ODFW,ODFW,Unknown,,,Upper Grande Ronde,,,Upper Grande Ronde Starkey,Instream Remote Detection System,17060104,Upper Grande Ronde,522.271.291,1084,,"Instream detection array near the upper Grande Ronde weir at Starkey, consisting of a IS1001-MTS multiplexing receiver and eight antennas, each with 24v IS1001s.  Antenna arrays consist of eight antennas that span the normal high water mark and are secured to the substrate for pass-over detection.  Three antennas are placed side-by-side to span the creek for the upstream two arrays, and two antennas are placed side-by-side to span the creek for the downstream most array. This provides three separate arrays of coverage. Site is grid powered and operates year-round. Site is on private land.",45.248955,'-118.388958,Derrek Faber,Derrek.M.Faber@state.or.us,(541) 296-3023 x221,ODFW,,,,,,,,
NEW,WEN,Adult Est.,No,No,ODFW,ODFW,Unknown,,,Wenaha,,,Wenaha River Mouth,Instream Remote Detection System,17060106,Lower Grande Ronde,522.271.073.001,867,,"Instream detection array on the Wenaha River near Troy, Oregon (called the Little Salmon (Wenaha) on tax maps).  Array consists of a IS1001-MTS multiplexing receiver and nine antennas, each with 24v-IS1001s.  Antenna arrays consist of nine antennas that span the normal high water mark and are secured to the substrate for pass-over detection.  Five antennas are placed side-by-side to span the creek for the upstream array, and four antennas are placed side-by-side to span the creek for the downstream array.  This provides two separate arrays of coverage to determine detection efficiency.  Site is grid powered and operates year-round.   Site is on ODFW property.",45.946151,'-117.454124,Derrek Faber,Derrek.M.Faber@state.or.us,(541) 296-3023 x221,ODFW,,,,,,,,
NEW,BRC,Adult Est.,No,No,SHOBAN,SHOBAN,Unknown,,MFSR,Bear Valley,,,Bear Valley Adult Video Weir,Instream Remote Detection System,17060205,,522.303.319.170.006,1320,,"On June 28, 2012, the Tribes, with assistance from Biomark, installed a pass-through interrogation system on the existing Bear Valley Creek Chinook adult monitoring weir to evaluate the returns of PIT tagged adults to Bear Valley Creek, Idaho.  The interrogation site consists of two 24 x 24 inch Biomark pass-through antennas attached to the video chamber box, separated by six feet to provide upstream and downstream detection capability.  The antenna cables are woven across the weir panels to the central mux, located in a weather resistant, insulated and fan cooled cargo trailer adjacent to the weir.  Power is supplied by four tandem 50 amp-hour 12 volt DC batteries under constant charge from the on-site camp trailer generator.  The in-stream location is characterized as a B-type channel with 2-4 percent grade, a B-type streambed, and a 2-3 (boulder:cobble) steam type.",44.42793872,'-115.2841711,Kurt Tardy,ktardy@sbtribes.com,(208) 239 - 4562,SHOBAN,MFUMA-s,,,,MFBEA,,,
NEW,PCA,Adult Est.,No,No,SHOBAN,SHOBAN,Unknown,,,Panther,,,Panther Creek Array,Instream Remote Detection System,17060203,,522.303.338.005,1168,,"The site consists of 6-20ft HDPE antennas, arranged in two strings of 3 antennas located about 150 apart. The antennas are constructed of fusion welded 4 inch HDPE pipe. Each antenna is driven by a Biomark IS1001 reader located in a submersible canister attached to the antenna. The readers are controlled by a Biomark IS1001-MC located in an enclosure on the shore.The antennas are anchored to the streambed with a ?through-strut? method using DB-88 earth anchors attached to stainless steel threaded rod. The anchors are driven to a depth of 20-30 inches into the river bed. The IS1001 readers are connected to the MC by a single run of Biomark CAN-Bus cable. The readers are attached in series to the MC. All cables are covered by flexible non-metallic conduit.Power for the system is supplied by a propane Gentherm Thermo Electric Generator (TEG), this power creates a constant 27 volts of DC power supplied to the Biomark electronics enclosure; which houses the Biomark IS1001-Master Controller ",45.295253,'-114.358101,Lytle Denny,ldenny@sbtribes.com,(208) 239-4560,SHOBAN,SRPAM-s,,,,SRPAN,,,
WEIR,CROTRP,,Yes,No,IDFG,Unknown,Unknown,0,Clearwater,SF Clearwater,13,GRA SC1 SC2B0 SC2A0,Crooked River Trap,Trap or Weir,17060305,South Fork Clearwater,522.224.120.094.001,961,NA,NA,45.82120497,-115.5277454,0,0,0,0,CRSFC-s,South Fork Clearwater River,Snake River Basin Steelhead DPS,Clearwater River,SCUMA,Upper South Fork Clearwater,Snake River Spring/Summer-run Chinook Salmon ESU,Dry Clearwater
WEIR,FISTRP,,Yes,No,IDFG,Unknown,Unknown,0,Clearwater,Lochsa River,15,GRA LRL FISTRP,Fish Creek Trap,Trap or Weir,17060303,Lochsa,522.224.120.037.039.002,944,NA,NA,46.34011495,-115.3551271,0,0,0,0,CRLOC-s,Lochsa River,Snake River Basin Steelhead DPS,Clearwater River,CRLOC,Lochsa River,Snake River Spring/Summer-run Chinook Salmon ESU,Wet Clearwater
WEIR,PAHH,,Yes,No,IDFG,Unknown,Unknown,0,Upper Salmon,PAHH,26,GRA USE USI PAHH,Pahsimeroi Hatchery,Hatchery,17060202,Pahsimeroi,522.303.489.011,1325,NA,NA,44.68413872,-114.0394706,0,0,0,0,SRPAH-s,Pahsimeroi River,Snake River Basin Steelhead DPS,Salmon River,SRPAH,Pahsimeroi River,Snake River Spring/Summer-run Chinook Salmon ESU,Upper Salmon River
WEIR,POTREF,,Yes,No,IDFG,Unknown,Unknown,0,Clearwater,Potlach River,8,GRA JUL HLMB0 HLMA0 POTREF,East Fork Potlatch River,River,17060306,Clearwater,522.224.024.065,835,NA,NA,46.84772425,-116.3491158,0,0,0,0,CRLMA-s,Clearwater River lower mainstem,Snake River Basin Steelhead DPS,Clearwater River,CRPOT,Polatch River,Snake River Spring/Summer-run Chinook Salmon ESU,Dry Clearwater
WEIR,RAPH,,Yes,No,IDFG,Unknown,Unknown,0,Salmon,Rapid River,20,GRA RAPH,Rapid River Hatchery,Hatchery,17060210,Little Salmon,522.303.140.007.006,978,NA,NA,45.35368101,-116.394575,0,0,0,0,SRLSR-s,Little Salmon and Rapid River,Snake River Basin Steelhead DPS,Salmon River,SRLSR,Little Salmon River,Snake River Spring/Summer-run Chinook Salmon ESU,South Fork Salmon River
WEIR,REDTRP,,Yes,No,IDFG,Unknown,Unknown,0,Clearwater,SF Clearwater,13,GRA SC1 SC2B0 SC2A0,Red River Trap,Trap or Weir,17060305,South Fork Clearwater,522.224.120.101.006,973,NA,NA,45.79385033,-115.4345747,0,0,0,0,CRSFC-s,South Fork Clearwater River,Snake River Basin Steelhead DPS,Clearwater River,SCUMA,Upper South Fork Clearwater,Snake River Spring/Summer-run Chinook Salmon ESU,Dry Clearwater
WEIR,SALEFT,,Yes,No,IDFG,Unknown,Unknown,0,Upper Salmon,SALEFT,26,GRA USE USI SALEFT,East Fork Salmon River Trap,Trap or Weir,17060201,Upper Salmon,522.303.552.029,1406,NA,NA,44.11841284,-114.4289557,0,0,0,0,SREFS-s,East Fork Salmon River,Snake River Basin Steelhead DPS,Salmon River,SREFS,East Fork Salmon River,Snake River Spring/Summer-run Chinook Salmon ESU,Upper Salmon River
WEIR,SALRNF,,Yes,No,IDFG,Unknown,Unknown,0,NFSR,NF Salmon,,,North Fork Salmon River,River,17060203,Middle Salmon-Panther,522.303.381,1206,NA,NA,45.54902927,-113.9365714,0,0,0,0,SRNFS-s,North Fork Salmon River,Snake River Basin Steelhead DPS,Salmon River,SRNFS,North Fork Salmon River,Snake River Spring/Summer-run Chinook Salmon ESU,Upper Salmon River
WEIR,SALSFW,,Yes,No,IDFG,Unknown,Unknown,0,SFSR,SF Salmon,,,South Fork Salmon River Weir,Trap or Weir,17060208,South Fork Salmon,522.303.215.115,1155,NA,NA,44.66687408,-115.7029529,0,0,0,0,SFMAI-s,South Fork Salmon River,Snake River Basin Steelhead DPS,Salmon River,SFSMA,South Fork Salmon River mainstem,Snake River Spring/Summer-run Chinook Salmon ESU,South Fork Salmon River
WEIR,SAWT,,Yes,No,IDFG,Unknown,Unknown,0,Upper Salmon,Sawtooth Weir,26,GRA USE USI STL,Sawtooth Hatchery,Hatchery,17060201,Upper Salmon,522.303.617,1442,NA,NA,44.150681,-114.883659,0,0,0,0,SRUMA-s,,,,,,,
WEIR,DRY2C,,Yes,No,NPT,Unknown,Unknown,0,Imnaha,Imnaha,11,GRA IR1 IR2 IR3B0 IR3A0 IR4B0 IR4A0 IMLB0 IMLA0 IMNAHW IR5B0 IR5A0 DRY2C,Dry Creek - tributary to Imnaha River,River,17060102,Imnaha,522.308.090,920,NA,NA,45.12178982,-116.8670749,0,0,0,0,IRMAI-s,Imnaha River,Snake River Basin Steelhead DPS,Imnaha River,IRMAI,Imnaha River mainstem,Snake River Spring/Summer-run Chinook Salmon ESU,Grande Ronde / Imnaha
WEIR,FREEZC,,Yes,No,NPT,Unknown,Unknown,0,Imnaha,Imnaha,11,GRA IR1 IR2 IR3B0 IR3A0 FREEZC,Freezeout Creek - tributary to Imnaha River,River,17060102,Imnaha,522.308.059,889,NA,NA,45.35041146,-116.7621691,0,0,0,0,IRMAI-s,Imnaha River,Snake River Basin Steelhead DPS,Imnaha River,IRMAI,Imnaha River mainstem,Snake River Spring/Summer-run Chinook Salmon ESU,Grande Ronde / Imnaha
WEIR,GUMBTC,,Yes,No,NPT,Unknown,Unknown,0,Imnaha,Imnaha,11,GRA IR1 IR2 IR3B0 IR3A0 IR4B0 IR4A0 IMLB0 IMLA0 IMNAHW IR5B0 IR5A0 GUMBTC,"Gumboot Creek, Imnaha River Basin",River,17060102,Imnaha,522.308.086,916,NA,NA,45.15571928,-116.9411113,0,0,0,0,IRMAI-s,Imnaha River,Snake River Basin Steelhead DPS,Imnaha River,IRMAI,Imnaha River mainstem,Snake River Spring/Summer-run Chinook Salmon ESU,Grande Ronde / Imnaha
WEIR,HORS3C,,Yes,No,NPT,Unknown,Unknown,0,Imnaha,Imnaha,11,GRA IR1 IR2 HORS3C,"Horse Creek, Imnaha River Basin",River,17060102,Imnaha,522.308.018,848,NA,NA,45.54950795,-116.7272731,0,0,0,0,IRMAI-s,Imnaha River,Snake River Basin Steelhead DPS,Imnaha River,IRMAI,Imnaha River mainstem,Snake River Spring/Summer-run Chinook Salmon ESU,Grande Ronde / Imnaha
WEIR,JOSEPC,,Yes,No,NPT,Unknown,Unknown,0,Grande Ronde,Joseph Creek,9,GRA JOCB0 JOCA0 JOSEPC,"Joseph Creek, Grande Ronde River Basin",River,17060106,Lower Grande Ronde,522.271.007,800,NA,NA,45.89979254,-117.2091525,0,0,0,0,GRJOS-s,Joseph Creek,Snake River Basin Steelhead DPS,Grande Ronde River,,,,
WEIR,KOOS,,Yes,No,NPT,Unknown,Unknown,0,Clearwater,Clear Creek,14,GRA CLC KOOS,Kooskia National Fish Hatchery,Hatchery,17060304,Middle Fork Clearwater,522.224.120.004.001,871,NA,NA,46.12970619,-115.9468257,0,0,0,0,CRLMA-s,Clearwater River lower mainstem,Snake River Basin Steelhead DPS,Clearwater River,,,,
WEIR,LOSTIW,,Yes,No,NPT,Unknown,Unknown,0,Grande Ronde,Wallowa River,18,GRA WR1 LOSTIW,Lostine River Weir,Trap or Weir,17060105,Wallowa,522.271.131.042.001,967,NA,NA,45.54326637,-117.4845004,0,0,0,0,,,,,GRLOS,Lostine River,Snake River Spring/Summer-run Chinook Salmon ESU,Grande Ronde / Imnaha
WEIR,MAHOGC,,Yes,No,NPT,Unknown,Unknown,0,Imnaha,Imnaha,11,GRA IR1 IR2 IR3B0 IR3A0 MAHOGC,"Mahogany Creek, Imnaha River Basin",River,17060102,Imnaha,522.308.083,913,NA,NA,45.20020959,-116.8999885,0,0,0,0,IRMAI-s,Imnaha River,Snake River Basin Steelhead DPS,Imnaha River,IRMAI,Imnaha River mainstem,Snake River Spring/Summer-run Chinook Salmon ESU,Grande Ronde / Imnaha
WEIR,ASOTIC,,Yes,No,ODFW,Unknown,Unknown,0,SNAKE,Asotin,5,GRA ACMB0 ACMA0 ASOTIC,"Asotin Creek, Snake River above Clarkston, WA",River,17060103,Lower Snake-Asotin,522.234,756,NA,NA,46.33064281,-117.1819526,0,0,0,0,SNASO-s,Asotin Creek,Snake River Basin Steelhead DPS,Lower Snake,SNASO,Asotin Creek,Snake River Spring/Summer-run Chinook Salmon ESU,
WEIR,BCANF,,Yes,No,ODFW,Unknown,Unknown,0,Grande Ronde,Wallowa River,18,GRA WR1 BCANF,Big Canyon Facility,Acclimation Pond,17060105,Wallowa,522.271.131.018.001,943,NA,NA,45.6190397,-117.6986332,0,0,0,0,,,,,,,,
WEIR,CATHEW,,Yes,No,ODFW,Unknown,Unknown,0,Grande Ronde,Upper Grande Ronde,19,GRA UGR CCWB0 CCWA0 CATHEW,Catherine Creek Weir,Trap or Weir,17060104,Upper Grande Ronde,522.271.232.032,1057,NA,NA,45.19096404,-117.8286166,0,0,0,0,,,,,GRCAT,Catherine Creek,Snake River Spring/Summer-run Chinook Salmon ESU,Grande Ronde / Imnaha
WEIR,GEORGC,,Yes,No,ODFW,Unknown,Unknown,0,SNAKE,Asotin,5,GRA ACMB0 ACMA0 GEORGC,"George Creek, Asotin Creek watershed",River,17060103,Lower Snake-Asotin,522.234.005,761,NA,NA,46.19230094,-117.1988414,0,0,0,0,SNASO-s,Asotin Creek,Snake River Basin Steelhead DPS,Lower Snake,SNASO,Asotin Creek,Snake River Spring/Summer-run Chinook Salmon ESU,
WEIR,GRANDW,,Yes,No,ODFW,Unknown,Unknown,0,Grande Ronde,Upper Grande Ronde,19,GRA UGR GRANDW,Grande Ronde River Weir,Trap or Weir,17060104,Upper Grande Ronde,522.271.307,1100,NA,NA,45.24896051,-118.3889834,0,0,0,0,,,,,,,,
WEIR,IMNAHW,,Yes,No,ODFW,Unknown,Unknown,0,Imnaha,Imnaha,11,GRA IR1 IR2 IR3B0 IR3A0 IR4B0 IR4A0 IMLB0 IMLA0 IMNAHW,Imnaha River Weir,Trap or Weir,17060102,Imnaha,522.308.084,914,NA,NA,45.19427639,-116.8686635,0,0,0,0,IRMAI-s,Imnaha River,Snake River Basin Steelhead DPS,Imnaha River,IRMAI,Imnaha River mainstem,Snake River Spring/Summer-run Chinook Salmon ESU,Grande Ronde / Imnaha
WEIR,LOOH,,Yes,No,ODFW,Unknown,Unknown,0,Grande Ronde,Looking Glass,17,GRA LOOKGC,Lookingglass Hatchery,Hatchery,17060104,Upper Grande Ronde,522.271.137.003,933,NA,NA,45.731538,-117.864406,0,0,0,0,GRUMA-s,Grande Ronde River upper mainstem,Snake River Basin Steelhead DPS,Grande Ronde River,,,,
WEIR,LSHEEF,,Yes,No,ODFW,Unknown,Unknown,0,Imnaha,Imnaha,11,GRA IR1 IR2 LSHEEF,Little Sheep Facility,Acclimation Pond,17060102,Imnaha,522.308.032.005.008,875,NA,NA,45.477819,-116.930252,0,0,0,0,IRMAI-s,Imnaha River,Snake River Basin Steelhead DPS,Imnaha River,IRMAI,Imnaha River mainstem,Snake River Spring/Summer-run Chinook Salmon ESU,Grande Ronde / Imnaha
WEIR,WALH,,Yes,No,ODFW,Unknown,Unknown,0,Grande Ronde,Wallowa River,18,GRA WR1 WALH,Wallowa Hatchery,Hatchery,17060105,Wallowa,522.271.131.063.001,988,NA,NA,45.417567,-117.301573,0,0,0,0,,,,,,,,
WEIR,ALMOTC,,Yes,No,WDFW,Unknown,Unknown,0,Lower Snake,Below Granite,3,GRA ALMOTC,Almota Creek - tributary to Snake River,River,17060107,Lower Snake-Tucannon,522.164,686,NA,NA,46.70160586,-117.3593478,0,0,0,0,SNASO-s,Asotin Creek,Snake River Basin Steelhead DPS,Lower Snake,SNASO,Asotin Creek,Snake River Spring/Summer-run Chinook Salmon ESU,Lower Snake
WEIR,ALPOWC,,Yes,No,WDFW,Unknown,Unknown,0,SNAKE,Alpowa Creek,4,GRA ALPOWC,"Alpowa Creek, lower Snake River",River,17060107,Lower Snake-Tucannon,522.205,727,NA,NA,46.40235438,-117.3982657,0,0,0,0,SNASO-s,Asotin Creek,Snake River Basin Steelhead DPS,Lower Snake,SNASO,Asotin Creek,Snake River Spring/Summer-run Chinook Salmon ESU,Lower Snake
WEIR,PENAWC,,Yes,No,WDFW,Unknown,Unknown,0,Lower Snake,Below Granite,2,GRA PENAWC,Penawawa Creek - tributary to Snake River,River,17060107,Lower Snake-Tucannon,522.145,667,NA,NA,46.74777158,-117.5413573,0,0,0,0,SNASO-s,Asotin Creek,Snake River Basin Steelhead DPS,Lower Snake,SNASO,Asotin Creek,Snake River Spring/Summer-run Chinook Salmon ESU,Lower Snake
WEIR,TENMC2,,Yes,No,WDFW,Unknown,Unknown,0,SNAKE,TENMC2,6,GRA TENMC2,"Tenmile Creek, tributary to Snake River",River,17060103,Lower Snake-Asotin,522.237,759,NA,NA,46.19525036,-117.0418542,0,0,0,0,SNASO-s,Asotin Creek,Snake River Basin Steelhead DPS,Lower Snake,SNASO,Asotin Creek,Snake River Spring/Summer-run Chinook Salmon ESU,Lower Snake
WEIR,TUCH,,Yes,No,WDFW,Unknown,Unknown,0,Lower Snake,Tocannon,1,GRA LTR MTR UTR TUCH,Tucannon River Hatchery,Hatchery,17060107,Lower Snake-Tucannon,522.100.058,680,NA,NA,46.320108,-117.66284,0,0,0,0,,,,,,,,
